Customer_ID,Customer_Segment,City,Signup_Date,Acquisition_Channel
C00001,Small Business,Lahore,2025-08-29,Paid Search
C00002,Consumer,Karachi,2023-06-21,Social Media
C00003,Home Office,Gujranwala,2024-02-11,Email
C00004,Home Office,Faisalabad,2025-08-11,Referral
C00005,Small Business,Karachi,2024-05-08,Paid Search
C00006,Small Business,Rawalpindi,2023-08-10,Email
C00007,Consumer,Rawalpindi,2024-11-12,Organic Search
C00008,Consumer,Islamabad,2025-09-26,Referral
C00009,Consumer,Karachi,2023-01-02,Referral
C00010,Consumer,Faisalabad,2025-07-26,Organic Search
C00011,Consumer,Islamabad,2024-03-13,Affiliate
C00012,Home Office,Karachi,2025-12-04,Organic Search
C00013,Consumer,Karachi,2025-03-13,Email
C00014,Consumer,Multan,2023-09-28,Email
C00015,Home Office,Multan,2024-04-04,Organic Search
C00016,Consumer,Gujranwala,2023-09-29,Organic Search
C00017,Consumer,Gujranwala,2025-12-18,Organic Search
C00018,Consumer,Lahore,2024-05-28,Email
C00019,Home Office,Lahore,2024-04-17,Social Media
C00020,Small Business,Lahore,2025-02-10,Organic Search
C00021,Consumer,Lahore,2025-07-18,Paid Search
C00022,Consumer,Peshawar,2023-11-18,Paid Search
C00023,Consumer,Rawalpindi,2022-08-29,Affiliate
C00024,Consumer,Karachi,2023-10-06,Organic Search
C00025,Small Business,Lahore,2024-03-24,Paid Search
C00026,Consumer,Gujranwala,2025-05-04,Social Media
C00027,Consumer,Lahore,2023-04-29,Affiliate
C00028,Consumer,Lahore,2024-11-25,Email
C00029,Consumer,Rawalpindi,2022-08-03,Social Media
C00030,Home Office,Karachi,2024-08-28,Referral
C00031,Home Office,Karachi,2023-10-20,Email
C00032,Consumer,Lahore,2024-05-13,Paid Search
C00033,Consumer,Gujranwala,2022-10-18,Referral
C00034,Consumer,Karachi,2025-09-09,Email
C00035,Consumer,Lahore,2025-03-05,Paid Search
C00036,Consumer,Rawalpindi,2023-06-24,Paid Search
C00037,Home Office,Multan,2025-07-28,Referral
C00038,Home Office,Karachi,2025-12-11,Paid Search
C00039,Small Business,Lahore,2024-08-10,Social Media
C00040,Small Business,Karachi,2022-11-01,Referral
C00041,Consumer,Faisalabad,2025-08-04,Referral
C00042,Home Office,Lahore,2022-10-24,Paid Search
C00043,Consumer,Lahore,2023-05-30,Organic Search
C00044,Consumer,Faisalabad,2024-08-10,social media
C00045,Home Office,Lahore,2022-12-14,Affiliate
C00046,Home Office,Rawalpindi,2024-07-29,Social Media
C00047,Consumer,Rawalpindi,2025-09-15,Email
C00048,Home Office,Faisalabad,2024-07-05,Affiliate
C00049,Small Business,Lahore,2023-12-01,Social Media
C00050,Home Office,Faisalabad,2023-01-09,Paid Search
C00051,Consumer,Lahore,2025-07-14,Affiliate
C00052,Consumer,Lahore,2024-05-21,Email
C00053,Consumer,Rawalpindi,2024-02-15,Organic Search
C00054,Small Business,Peshawar,2025-08-27,Organic Search
C00055,Consumer,Gujranwala,2023-03-09,Referral
C00056,Home Office,Karachi,2024-06-22,Referral
C00057,Consumer,Lahore,2025-02-04,Referral
C00058,Consumer,Karachi,2024-12-18,Social Media
C00059,Consumer,Lahore,2025-07-11,Referral
C00060,Consumer,Lahore,2024-11-01,Social Media
C00061,Home Office,Lahore,2024-01-11,Email
C00062,Small Business,Karachi,2024-11-28,Paid Search
C00063,Home Office,Rawalpindi,2023-05-03,Email
C00064,Home Office,Karachi,2023-10-02,Organic Search
C00065,Consumer,Lahore,2024-05-08,Paid Search
C00066,Small Business,Karachi,2025-02-23,Organic Search
C00067,Consumer,Gujranwala,2023-07-02,Social Media
C00068,Consumer,Islamabad,2023-12-18,Social Media
C00069,Home Office,Lahore,2022-06-13,Paid Search
C00070,Small Business,Karachi,2022-11-10,Referral
C00071,Consumer,Lahore,2025-05-15,Affiliate
C00072,Home Office,Peshawar,2025-01-08,Paid Search
C00073,Home Office,Gujranwala,2024-04-22,Social Media
C00074,Home Office,Islamabad,2023-11-18,Social Media
C00075,Consumer,Rawalpindi,2023-03-29,Organic Search
C00076,Consumer,Multan,2024-04-01,Email
C00077,Consumer,Rawalpindi,2025-04-11,Social Media
C00078,Consumer,Gujranwala,2024-02-11,Email
C00079,Home Office,Faisalabad,2025-06-16,Organic Search
C00080,Consumer,Islamabad,2025-06-22,Email
C00081,Consumer,Rawalpindi,2025-01-16,Email
C00082,Home Office,Rawalpindi,2024-11-17,Email
C00083,Small Business,Rawalpindi,2025-11-27,Organic Search
C00084,Consumer,Gujranwala,2024-12-01,Social Media
C00085,Home Office,Lahore,2024-02-26,Paid Search
C00086,Home Office,Karachi,2024-01-19,Referral
C00087,Home Office,Karachi,2023-01-15,Social Media
C00088,Consumer,Multan,2024-05-19,Email
C00089,Home Office,Lahore,2023-10-26,Paid Search
C00090,Consumer,Peshawar,2023-10-16,Organic Search
C00091,Consumer,Lahore,2023-09-12,Paid Search
C00092,Consumer,Karachi,2023-04-10,Email
C00093,Consumer,Karachi,2024-12-21,Social Media
C00094,Consumer,Peshawar,2025-01-16,Email
C00095,Home Office,Gujranwala,2023-05-08,Affiliate
C00096,Consumer,Peshawar,2023-07-27,Referral
C00097,Consumer,Faisalabad,2024-03-25,Paid Search
C00098,Home Office,Karachi,2025-01-13,social media
C00099,Consumer,Gujranwala,2022-09-20,Referral
C00100,Consumer,Gujranwala,2025-02-19,Paid Search
C00101,Consumer,Islamabad,2022-10-17,Affiliate
C00102,Consumer,Karachi,2024-06-12,Paid Search
C00103,Consumer,Islamabad,2024-01-29,Email
C00104,Consumer,Peshawar,2024-07-12,Affiliate
C00105,Consumer,Karachi,2023-05-05,Email
C00106,Consumer,Karachi,2024-12-27,Referral
C00107,Home Office,Faisalabad,2022-11-30,Organic Search
C00108,Consumer,Islamabad,2022-08-12,Social Media
C00109,Consumer,Lahore,2023-03-17,Referral
C00110,Consumer,Multan,2024-08-21,Social Media
C00111,Small Business,Peshawar,2024-04-26,Social Media
C00112,Consumer,Islamabad,2024-07-06,Social Media
C00113,Consumer,Multan,2023-11-29,Paid Search
C00114,Consumer,Gujranwala,2023-09-15,Affiliate
C00115,Small Business,Islamabad,2022-09-23,Social Media
C00116,Consumer,Faisalabad,2022-07-04,Email
C00117,Consumer,Islamabad,2025-11-01,Paid Search
C00118,Consumer,Lahore,2025-02-27,Referral
C00119,Consumer,Gujranwala,2025-10-09,Social Media
C00120,Consumer,Karachi,2022-09-15,Organic Search
C00121,Small Business,Peshawar,2023-01-21,Social Media
C00122,Consumer,Multan,2022-10-22,Paid Search
C00123,Consumer,Karachi,2025-04-10,Paid Search
C00124,Home Office,Peshawar,2025-11-12,Email
C00125,Consumer,Faisalabad,2022-07-03,Organic Search
C00126,Home Office,Multan,2024-06-20,Referral
C00127,Small Business,Faisalabad,2025-02-13,Organic Search
C00128,Consumer,Karachi,2022-11-13,Email
C00129,Small Business,Karachi,2024-05-02,Organic Search
C00130,Consumer,Peshawar,2023-05-26,Affiliate
C00131,Consumer,Karachi,2022-10-26,Paid Search
C00132,Consumer,Faisalabad,2024-05-21,Organic Search
C00133,Consumer,Lahore,2024-06-21,Affiliate
C00134,Consumer,Karachi,2024-08-07,Organic Search
C00135,Consumer,Multan,2023-06-18,Paid Search
C00136,Small Business,Islamabad,2025-08-03,Paid Search
C00137,Small Business,Islamabad,2024-05-02,Organic Search
C00138,Consumer,Karachi,2023-01-11,Referral
C00139,Home Office,Gujranwala,2024-12-04,Organic Search
C00140,Consumer,Karachi,2023-03-06,Paid Search
C00141,Small Business,Lahore,2024-05-10,Affiliate
C00142,Consumer,Lahore,2022-12-10,Affiliate
C00143,Consumer,Rawalpindi,2023-12-03,Social Media
C00144,Consumer,Karachi,2025-01-07,Email
C00145,Consumer,Karachi,2025-06-18,Paid Search
C00146,Consumer,Karachi,2022-08-24,Organic Search
C00147,Home Office,Lahore,2022-07-05,Paid Search
C00148,Consumer,Islamabad,2025-08-17,Email
C00149,Home Office,Gujranwala,2023-11-10,Social Media
C00150,Consumer,Multan,2025-01-03,Email
C00151,Consumer,Lahore,2023-04-23,Social Media
C00152,Consumer,Rawalpindi,2024-05-26,Paid Search
C00153,Consumer,Karachi,2022-08-12,Organic Search
C00154,Home Office,Multan,2025-04-27,Affiliate
C00155,Consumer,Karachi,2024-11-07,Social Media
C00156,Consumer,Islamabad,2025-05-08,Affiliate
C00157,Consumer,Rawalpindi,2023-09-02,Social Media
C00158,Consumer,Lahore,2024-08-22,Email
C00159,Small Business,Lahore,2024-01-17,Paid Search
C00160,Small Business,Karachi,2024-10-12,Paid Search
C00161,Consumer,Karachi,2025-01-15,Affiliate
C00162,Consumer,Karachi,2025-05-17,Organic Search
C00163,Consumer,Lahore,2023-12-04,Social Media
C00164,Small Business,Lahore,2022-06-20,Affiliate
C00165,Home Office,Faisalabad,2022-06-04,Paid Search
C00166,Consumer,Lahore,2025-07-22,Paid Search
C00167,Home Office,Lahore,2024-06-17,Referral
C00168,Consumer,Faisalabad,2024-03-24,Organic Search
C00169,Consumer,Islamabad,2025-09-27,Affiliate
C00170,Consumer,Rawalpindi,2024-05-11,Referral
C00171,Consumer,Faisalabad,2023-01-02,Organic Search
C00172,Home Office,Karachi,2023-05-20,Social Media
C00173,Small Business,Lahore,2024-07-26,Organic Search
C00174,Small Business,Karachi,2023-09-12,Social Media
C00175,Consumer,Lahore,2024-01-24,Organic Search
C00176,Small Business,Lahore,2023-05-15,Social Media
C00177,Home Office,Gujranwala,2024-01-07,Social Media
C00178,Consumer,Lahore,2023-09-27,Organic Search
C00179,Home Office,Lahore,2023-02-27,Organic Search
C00180,Consumer,Karachi,2023-09-24,Social Media
C00181,Home Office,Karachi,2022-09-29,Referral
C00182,Consumer,Karachi,2022-08-02,Email
C00183,Consumer,Multan,2025-02-18,Referral
C00184,Small Business,Faisalabad,2025-11-16,Organic Search
C00185,Consumer,Islamabad,2025-06-17,Referral
C00186,Consumer,Gujranwala,2022-08-16,Social Media
C00187,Consumer,Gujranwala,2023-04-07,Organic Search
C00188,Small Business,Gujranwala,2023-10-07,Email
C00189,Consumer,Karachi,2022-08-16,Organic Search
C00190,Consumer,Islamabad,2024-11-01,Paid Search
C00191,Home Office,Peshawar,2024-11-22,Referral
C00192,Consumer,Lahore,2023-07-26,Organic Search
C00193,Consumer,Lahore,2024-11-17,Organic Search
C00194,Consumer,Rawalpindi,2024-04-19,Organic Search
C00195,Consumer,Gujranwala,2023-07-11,Organic Search
C00196,Small Business,Gujranwala,2025-05-23,Email
C00197,Small Business,Lahore,2025-11-03,Social Media
C00198,Consumer,Faisalabad,2023-02-27,Referral
C00199,Consumer,Faisalabad,2023-01-16,Paid Search
C00200,Consumer,Rawalpindi,2025-02-23,Affiliate
C00201,Consumer,Karachi,2023-02-03,Paid Search
C00202,Consumer,Karachi,2023-04-19,Paid Search
C00203,Small Business,Karachi,2022-10-13,Referral
C00204,Consumer,Rawalpindi,2024-05-28,Social Media
C00205,Consumer,Karachi,2025-12-07,Affiliate
C00206,Consumer,Karachi,2024-07-19,Organic Search
C00207,Consumer,Karachi,2024-03-03,Social Media
C00208,Small Business,Rawalpindi,2024-09-18,Email
C00209,Consumer,Islamabad,2023-09-21,Social Media
C00210,Consumer,Karachi,2025-08-01,Social Media
C00211,Consumer,Islamabad,2024-10-30,Referral
C00212,Consumer,Karachi,2025-01-31,Email
C00213,Home Office,Lahore,2023-02-18,Referral
C00214,Consumer,Lahore,2023-10-25,Social Media
C00215,Consumer,Lahore,2022-06-17,Social Media
C00216,Consumer,Gujranwala,2025-04-26,Organic Search
C00217,Consumer,Karachi,2023-09-02,Email
C00218,Small Business,Gujranwala,2024-06-06,Paid Search
C00219,Consumer,Rawalpindi,2022-11-28,Affiliate
C00220,Small Business,Karachi,2025-08-02,Organic Search
C00221,Consumer,Lahore,2023-01-01,Referral
C00222,Consumer,Rawalpindi,2025-04-22,Social Media
C00223,Consumer,Islamabad,2022-07-29,Social Media
C00224,Home Office,Karachi,2023-05-07,Organic Search
C00225,Consumer,Lahore,2023-04-18,Referral
C00226,Small Business,Peshawar,2025-01-13,Social Media
C00227,Consumer,Lahore,2025-08-14,Paid Search
C00228,Consumer,Islamabad,2025-11-24,Email
C00229,Home Office,Islamabad,2025-10-02,Social Media
C00230,Home Office,Multan,2024-11-21,Email
C00231,Small Business,Karachi,2025-03-11,Paid Search
C00232,Consumer,Lahore,2022-10-04,Referral
C00233,Consumer,Karachi,2023-04-10,Organic Search
C00234,Consumer,Faisalabad,2025-05-05,Referral
C00235,Consumer,Peshawar,2023-07-29,Email
C00236,Consumer,Karachi,2023-12-06,Organic Search
C00237,Consumer,Lahore,2023-03-15,Paid Search
C00238,Home Office,Lahore,2022-10-18,Social Media
C00239,Consumer,Faisalabad,2023-03-11,Affiliate
C00240,Consumer,Rawalpindi,2024-04-23,Email
C00241,Small Business,Islamabad,2025-03-08,Paid Search
C00242,Home Office,Karachi,2024-05-30,Social Media
C00243,Consumer,Multan,2025-04-04,Email
C00244,Consumer,Multan,2024-05-21,Organic Search
C00245,Small Business,Gujranwala,2025-07-18,Social Media
C00246,Consumer,Multan,2025-05-22,Organic Search
C00247,Consumer,Karachi,2024-07-24,Referral
C00248,Home Office,Rawalpindi,2025-09-10,Paid Search
C00249,Home Office,Peshawar,2024-09-22,Organic Search
C00250,Consumer,Lahore,2023-09-22,Paid Search
C00251,Small Business,Lahore,2024-12-04,Affiliate
C00252,Consumer,Rawalpindi,2022-07-13,Organic Search
C00253,Consumer,Karachi,2024-04-18,Organic Search
C00254,Consumer,Islamabad,2022-10-27,Email
C00255,Consumer,Karachi,2023-06-17,Paid Search
C00256,Consumer,Lahore,2022-07-02,Organic Search
C00257,Small Business,Multan,2025-05-08,Organic Search
C00258,Consumer,Gujranwala,2023-08-16,Paid Search
C00259,Consumer,Karachi,2024-02-23,Referral
C00260,Consumer,Lahore,2022-07-11,Social Media
C00261,Consumer,Lahore,2022-09-12,Social Media
C00262,Small Business,Lahore,2023-05-02,Affiliate
C00263,Consumer,Rawalpindi,2022-08-16,Affiliate
C00264,Consumer,Islamabad,2025-03-19,Affiliate
C00265,Home Office,Faisalabad,2023-01-12,Organic Search
C00266,Small Business,Lahore,2025-10-30,Organic Search
C00267,Consumer,Karachi,2025-03-01,Paid Search
C00268,Consumer,Lahore,2024-03-19,Social Media
C00269,Consumer,Rawalpindi,2023-08-01,Social Media
C00270,Small Business,Lahore,2025-04-20,Social Media
C00271,Consumer,Lahore,2025-04-11,Paid search 
C00272,Home Office,Multan,2025-05-31,Social Media
C00273,Consumer,Karachi,2025-05-26,Organic Search
C00274,Home Office,Karachi,2023-05-03,Social Media
C00275,Consumer,Karachi,2024-01-29,Email
C00276,Small Business,Lahore,2024-10-01,Affiliate
C00277,Small Business,Faisalabad,2024-09-26,Paid Search
C00278,Consumer,Karachi,2025-04-14,Paid Search
C00279,Consumer,Islamabad,2023-01-21,Referral
C00280,Consumer,Rawalpindi,2023-11-27,Referral
C00281,Small Business,Lahore,2024-12-24,Organic Search
C00282,Small Business,Peshawar,2025-04-13,Paid Search
C00283,Consumer,Rawalpindi,2023-08-03,Email
C00284,Consumer,Lahore,2025-10-03,Paid Search
C00285,Home Office,Lahore,2023-02-23,Paid Search
C00286,Home Office,Karachi,2025-05-04,Organic Search
C00287,Consumer,Gujranwala,2024-12-15,Email
C00288,Home Office,Islamabad,2023-07-27,Email
C00289,Consumer,Lahore,2024-01-30,Email
C00290,Home Office,Peshawar,2025-03-31,Email
C00291,Home Office,Lahore,2023-09-15,Organic Search
C00292,Consumer,Peshawar,2024-10-19,Paid Search
C00293,Home Office,Rawalpindi,2023-12-29,Organic Search
C00294,Consumer,Peshawar,2023-12-09,Referral
C00295,Consumer,Rawalpindi,2023-01-09,Social Media
C00296,Home Office,Karachi,2025-08-14,Email
C00297,Consumer,Multan,2022-07-03,Paid Search
C00298,Home Office,Peshawar,2025-09-11,Paid Search
C00299,Consumer,Karachi,2024-02-19,Referral
C00300,Home Office,Faisalabad,2022-12-25,Organic Search
C00301,Consumer,Islamabad,2022-11-18,Organic Search
C00302,Small Business,Lahore,2025-12-07,Organic Search
C00303,Consumer,Rawalpindi,2023-01-20,Affiliate
C00304,Consumer,Karachi,2025-05-17,Referral
C00305,Small Business,Karachi,2025-04-18,Email
C00306,Home Office,Gujranwala,2025-10-08,Paid Search
C00307,Small Business,Islamabad,2023-12-28,Referral
C00308,Consumer,Karachi,2025-05-22,Affiliate
C00309,Home Office,Karachi,2025-02-18,Referral
C00310,Consumer,Karachi,2024-05-16,Email
C00311,Home Office,Karachi,2024-06-11,Paid Search
C00312,Consumer,Islamabad,2023-04-21,Paid Search
C00313,Small Business,Karachi,2023-02-25,Social Media
C00314,Consumer,Gujranwala,2023-08-15,Email
C00315,Consumer,Lahore,2022-12-01,Paid Search
C00316,Consumer,Rawalpindi,2024-08-22,Email
C00317,Consumer,Peshawar,2023-08-11,Referral
C00318,Consumer,Faisalabad,2023-06-14,Social Media
C00319,Consumer,Faisalabad,2024-11-07,Email
C00320,Consumer,Gujranwala,2022-07-02,Referral
C00321,Consumer,Multan,2023-08-04,Organic Search
C00322,Consumer,Lahore,2022-10-12,Referral
C00323,Consumer,Karachi,2022-07-28,Email
C00324,Consumer,Islamabad,2025-04-26,Referral
C00325,Home Office,Gujranwala,2024-01-24,Paid Search
C00326,Small Business,Rawalpindi,2024-01-25,Paid Search
C00327,Consumer,Lahore,2023-09-26,Social Media
C00328,Home Office,Karachi,2023-10-06,Organic Search
C00329,Consumer,Karachi,2023-04-30,Email
C00330,Consumer,Lahore,2025-03-23,Paid Search
C00331,Small Business,Gujranwala,2025-11-17,Affiliate
C00332,Consumer,Karachi,2024-01-18,Social Media
C00333,Home Office,Karachi,2024-11-16,Organic Search
C00334,Small Business,Islamabad,2023-12-27,Social Media
C00335,Consumer,Peshawar,2024-06-15,Affiliate
C00336,Consumer,Peshawar,2024-12-09,Organic Search
C00337,Consumer,Karachi,2025-04-27,Organic Search
C00338,Home Office,Karachi,2025-01-28,Affiliate
C00339,Consumer,Islamabad,2023-07-11,Paid Search
C00340,Consumer,Lahore,2023-01-30,Organic Search
C00341,Home Office,Gujranwala,2025-07-27,Email
C00342,Consumer,Gujranwala,2025-12-12,Referral
C00343,Consumer,Peshawar,2025-08-27,Social Media
C00344,Consumer,Rawalpindi,2024-11-25,Social Media
C00345,Home Office,Lahore,2022-08-24,Social Media
C00346,Consumer,Lahore,2024-06-08,Affiliate
C00347,Consumer,Lahore,2025-08-11,Referral
C00348,Home Office,Rawalpindi,2022-10-14,Paid Search
C00349,Consumer,Karachi,2024-12-23,Affiliate
C00350,Small Business,Lahore,2025-09-24,Affiliate
C00351,Home Office,Lahore,2025-09-03,Referral
C00352,Consumer,Lahore,2024-08-03,Email
C00353,Consumer,Lahore,2025-03-27,Paid Search
C00354,Consumer,Rawalpindi,2024-09-11,Social Media
C00355,Consumer,Multan,2023-01-15,Social Media
C00356,Consumer,Faisalabad,2024-10-13,Affiliate
C00357,Home Office,Lahore,2024-12-21,Referral
C00358,Small Business,Islamabad,2024-01-06,Paid Search
C00359,Consumer,Lahore,2024-04-21,Organic Search
C00360,Small Business,Lahore,2025-11-30,Social Media
C00361,Consumer,Lahore,2024-01-01,Organic Search
C00362,Consumer,Karachi,2025-04-29,Affiliate
C00363,Small Business,Karachi,2023-12-20,Organic Search
C00364,Consumer,Rawalpindi,2024-04-15,Referral
C00365,Consumer,Lahore,2024-10-10,Email
C00366,Consumer,Gujranwala,2024-10-12,Referral
C00367,Consumer,Lahore,2025-07-16,Organic Search
C00368,Home Office,Multan,2023-11-13,Organic Search
C00369,Home Office,Karachi,2022-11-06,Email
C00370,Small Business,Lahore,2023-10-08,Referral
C00371,Consumer,Islamabad,2025-09-17,Organic Search
C00372,Consumer,Lahore,2022-10-26,Email
C00373,Consumer,Peshawar,2025-05-04,Organic Search
C00374,Small Business,Karachi,2025-05-10,Affiliate
C00375,Small Business,Lahore,2023-09-02,Paid Search
C00376,Home Office,Lahore,2025-10-15,Organic Search
C00377,Consumer,Karachi,2024-03-22,Referral
C00378,Consumer,Multan,2022-10-27,Paid Search
C00379,Consumer,Faisalabad,2022-10-05,Organic Search
C00380,Consumer,Gujranwala,2022-06-09,Referral
C00381,Small Business,Faisalabad,2022-06-09,Organic Search
C00382,Consumer,Islamabad,2022-10-29,Social Media
C00383,Home Office,Peshawar,2025-06-23,Organic Search
C00384,Consumer,Karachi,2023-10-25,Affiliate
C00385,Consumer,Multan,2023-09-18,Email
C00386,Consumer,Islamabad,2024-06-07,Organic Search
C00387,Consumer,Lahore,2024-02-22,Paid Search
C00388,Consumer,Lahore,2022-10-27,Referral
C00389,Consumer,Peshawar,2023-02-07,Organic Search
C00390,Consumer,Islamabad,2023-07-29,Paid Search
C00391,Consumer,Karachi,2024-11-30,Organic Search
C00392,Home Office,,2023-06-13,Social Media
C00393,Small Business,Multan,2023-11-10,Paid Search
C00394,Consumer,Lahore,2024-06-14,Organic Search
C00395,Consumer,Lahore,2023-07-10,Paid Search
C00396,Small Business,Multan,2022-10-12,Paid Search
C00397,Home Office,Lahore,2023-07-21,Affiliate
C00398,Home Office,Islamabad,2024-08-03,Organic Search
C00399,Home Office,Karachi,2023-05-17,Organic Search
C00400,Consumer,Islamabad,2024-11-06,Organic Search
C00401,Consumer,Gujranwala,2024-02-26,Email
C00402,Consumer,Islamabad,2025-08-31,Referral
C00403,Consumer,Lahore,2024-12-04,Social Media
C00404,Consumer,Faisalabad,2023-08-30,Affiliate
C00405,Home Office,Karachi,2024-01-26,Organic Search
C00406,Consumer,Peshawar,2025-09-04,Organic Search
C00407,Consumer,Faisalabad,2022-09-27,Email
C00408,Consumer,Rawalpindi,2024-12-08,Organic Search
C00409,Consumer,Faisalabad,2024-02-02,Organic Search
C00410,Consumer,Lahore,2023-08-05,Referral
C00411,Consumer,Lahore,2022-06-12,Referral
C00412,Home Office,Lahore,2023-08-26,Organic Search
C00413,Consumer,Peshawar,2023-09-10,Social Media
C00414,Consumer,Faisalabad,2025-06-23,Referral
C00415,Home Office,Peshawar,2024-04-02,Organic Search
C00416,Consumer,Karachi,2025-12-09,social media
C00417,Consumer,Multan,2022-10-26,Paid Search
C00418,Consumer,Peshawar,2023-09-03,Organic Search
C00419,Consumer,Lahore,2024-10-26,Email
C00420,Consumer,Lahore,2025-02-01,Social Media
C00421,Consumer,Lahore,2024-10-10,Paid Search
C00422,Consumer,Peshawar,2024-09-10,Referral
C00423,Consumer,Islamabad,2025-06-28,Referral
C00424,Small Business,Rawalpindi,2024-05-24,Organic Search
C00425,Consumer,Lahore,2023-01-09,Email
C00426,Consumer,Karachi,2023-10-13,Organic Search
C00427,Home Office,Lahore,2022-10-13,Affiliate
C00428,Small Business,Peshawar,2024-11-15,Referral
C00429,Consumer,Karachi,2023-04-04,Organic Search
C00430,Home Office,Lahore,2024-09-23,Paid Search
C00431,Consumer,Peshawar,2022-07-02,Organic Search
C00432,Consumer,Rawalpindi,2024-07-20,Referral
C00433,Small Business,Lahore,2022-12-23,Paid Search
C00434,Consumer,Rawalpindi,2023-11-03,Paid Search
C00435,Consumer,Gujranwala,2023-03-03,Email
C00436,Consumer,Karachi,2025-10-23,Organic Search
C00437,Small Business,Faisalabad,2025-04-20,Organic Search
C00438,Home Office,Rawalpindi,2025-02-23,Organic Search
C00439,Consumer,Rawalpindi,2024-12-02,Email
C00440,Home Office,Lahore,2024-08-22,Paid Search
C00441,Small Business,Rawalpindi,2023-09-28,Organic Search
C00442,Consumer,Islamabad,2022-11-30,Social Media
C00443,Home Office,Islamabad,2022-07-05,Organic Search
C00444,Consumer,Lahore,2023-01-13,Email
C00445,Consumer,Karachi,2023-02-16,Social Media
C00446,Consumer,Lahore,2022-12-13,Email
C00447,Home Office,Lahore,2022-06-02,Social Media
C00448,Small Business,Lahore,2024-05-10,Organic Search
C00449,Consumer,Lahore,2023-11-11,Paid Search
C00450,Home Office,Peshawar,2024-05-13,Organic Search
C00451,Consumer,Lahore,2022-09-04,Referral
C00452,Small Business,Multan,2022-11-09,Paid Search
C00453,Consumer,Islamabad,2025-12-11,Paid Search
C00454,Home Office,Karachi,2023-05-20,Organic Search
C00455,Consumer,Lahore,2022-12-10,Organic Search
C00456,Consumer,Karachi,2023-10-15,social media
C00457,Consumer,Karachi,2025-01-23,Paid Search
C00458,Small Business,Rawalpindi,2023-01-08,Organic Search
C00459,Consumer,Karachi,2023-01-04,Email
C00460,Consumer,Lahore,2023-10-21,Organic Search
C00461,Home Office,Lahore,2023-05-28,Social Media
C00462,Home Office,Karachi,2025-06-02,Social Media
C00463,Consumer,Karachi,2023-03-08,Social Media
C00464,Small Business,Lahore,2024-03-07,Affiliate
C00465,Home Office,Islamabad,2023-11-12,Social Media
C00466,Home Office,Islamabad,2024-09-28,Affiliate
C00467,Consumer,Lahore,2022-07-13,Paid Search
C00468,Consumer,Lahore,2025-09-17,Organic Search
C00469,Small Business,Karachi,2023-11-07,Referral
C00470,Consumer,Islamabad,2024-07-30,Organic Search
C00471,Consumer,Islamabad,2023-04-21,Affiliate
C00472,Consumer,Lahore,2023-01-20,Organic Search
C00473,Consumer,Peshawar,2025-10-13,Organic Search
C00474,Home Office,Karachi,2024-10-21,Organic Search
C00475,Small Business,Peshawar,2023-04-17,Social Media
C00476,Small Business,Karachi,2022-12-11,Email
C00477,Consumer,Karachi,2024-10-10,Referral
C00478,Consumer,Lahore,2023-01-20,Organic Search
C00479,Consumer,Islamabad,2022-07-21,Referral
C00480,Consumer,Peshawar,2023-02-04,Referral
C00481,Consumer,Lahore,2022-09-23,Organic Search
C00482,Small Business,Rawalpindi,2025-08-11,Social Media
C00483,Consumer,Peshawar,2023-06-09,Email
C00484,Consumer,Karachi,2022-10-20,Organic Search
C00485,Consumer,Gujranwala,2024-04-24,Affiliate
C00486,Consumer,Lahore,2023-02-04,Email
C00487,Consumer,Faisalabad,2024-12-10,Social Media
C00488,Consumer,Lahore,2024-05-01,Organic Search
C00489,Consumer,Karachi,2024-06-05,Organic Search
C00490,Consumer,Karachi,2024-10-21,Referral
C00491,Consumer,Lahore,2025-09-22,Organic Search
C00492,Consumer,Faisalabad,2023-06-22,Organic Search
C00493,Home Office,Karachi,2025-12-10,Organic Search
C00494,Consumer,Lahore,2024-11-15,Organic Search
C00495,Consumer,Peshawar,2024-05-26,Organic Search
C00496,Consumer,Karachi,2023-01-22,Referral
C00497,Consumer,Multan,2025-04-28,Email
C00498,Consumer,Lahore,2025-10-19,Paid Search
C00499,Home Office,Islamabad,2023-10-07,Organic Search
C00500,Consumer,Rawalpindi,2024-10-26,Affiliate
C00501,Consumer,Karachi,2022-12-11,Organic Search
C00502,Small Business,Lahore,2025-09-07,Social Media
C00503,Consumer,Karachi,2025-08-24,Organic Search
C00504,Consumer,Karachi,2024-11-29,Social Media
C00505,Consumer,Islamabad,2023-09-15,Social Media
C00506,Consumer,Lahore,2025-01-07,Referral
C00507,Consumer,Rawalpindi,2024-06-30,Organic Search
C00508,Home Office,Rawalpindi,2025-12-11,Social Media
C00509,Consumer,Gujranwala,2024-10-14,Paid Search
C00510,Consumer,Rawalpindi,2022-10-31,Social Media
C00511,Consumer,Karachi,2023-06-16,Organic Search
C00512,Consumer,Faisalabad,2024-12-31,Organic Search
C00513,Home Office,Lahore,2023-11-09,Social Media
C00514,Consumer,Karachi,2025-04-30,Paid Search
C00515,Small Business,Rawalpindi,2023-04-02,Referral
C00516,Consumer,Karachi,2023-07-27,social media
C00517,Consumer,Islamabad,2022-10-23,Organic Search
C00518,Consumer,Peshawar,2023-03-12,Affiliate
C00519,Small Business,Karachi,2024-11-19,Paid Search
C00520,Consumer,Multan,2023-07-15,Referral
C00521,Home Office,Islamabad,2023-05-27,Organic Search
C00522,Consumer,Lahore,2022-08-15,Referral
C00523,Home Office,Islamabad,2025-04-08,Organic Search
C00524,Home Office,Lahore,2025-01-15,Email
C00525,Consumer,Rawalpindi,2023-10-28,Referral
C00526,Consumer,Multan,2024-08-25,Referral
C00527,Consumer,Lahore,2024-05-03,Email
C00528,Consumer,Gujranwala,2024-05-16,Organic Search
C00529,Consumer,Islamabad,2022-06-11,Referral
C00530,Home Office,Rawalpindi,2022-08-29,Organic Search
C00531,Home Office,Rawalpindi,2024-02-20,Organic Search
C00532,Small Business,Multan,2023-07-01,Paid Search
C00533,Home Office,Faisalabad,2025-03-12,Social Media
C00534,Consumer,Rawalpindi,2025-06-19,Organic Search
C00535,Home Office,Islamabad,2025-03-11,Affiliate
C00536,Home Office,Lahore,2024-08-24,Organic Search
C00537,Consumer,Lahore,2023-05-27,Paid Search
C00538,Small Business,Multan,2023-08-12,Paid Search
C00539,Small Business,Rawalpindi,2023-09-04,Social Media
C00540,Consumer,Karachi,2024-02-03,Social Media
C00541,Consumer,Multan,2025-05-28,Social Media
C00542,Consumer,Faisalabad,2023-02-19,Paid Search
C00543,Small Business,Peshawar,2024-11-21,Paid Search
C00544,Small Business,Faisalabad,2024-06-15,Referral
C00545,Home Office,Faisalabad,2022-11-03,social media
C00546,Home Office,Rawalpindi,2025-08-28,Paid Search
C00547,Consumer,Faisalabad,2024-08-11,Paid Search
C00548,Small Business,Islamabad,2023-04-29,Referral
C00549,Consumer,Islamabad,2024-12-01,Paid Search
C00550,Home Office,Islamabad,2023-06-02,Organic Search
C00551,Consumer,Multan,2024-07-17,Paid Search
C00552,Home Office,Lahore,2022-10-19,Social Media
C00553,Consumer,Lahore,2023-11-18,Email
C00554,Consumer,Rawalpindi,2025-03-17,Affiliate
C00555,Consumer,Gujranwala,2025-10-11,Email
C00556,Consumer,Lahore,2025-10-05,Affiliate
C00557,Consumer,Gujranwala,2022-09-21,Paid Search
C00558,Consumer,Peshawar,2023-12-23,Organic Search
C00559,Consumer,Karachi,2025-03-16,Organic Search
C00560,Consumer,Peshawar,2024-01-28,Email
C00561,Home Office,Rawalpindi,2025-09-17,Organic Search
C00562,Small Business,Rawalpindi,2025-07-18,Affiliate
C00563,Consumer,Faisalabad,2024-03-17,Paid Search
C00564,Consumer,Karachi,2023-08-28,Social Media
C00565,Consumer,Faisalabad,2025-05-10,Referral
C00566,Small Business,Lahore,2023-04-07,Paid Search
C00567,Consumer,Islamabad,2023-05-16,Organic Search
C00568,Small Business,Lahore,2025-03-26,Affiliate
C00569,Consumer,Rawalpindi,2025-10-17,Affiliate
C00570,Consumer,Lahore,2022-06-12,Organic Search
C00571,Consumer,Peshawar,2023-10-01,Paid Search
C00572,Consumer,Islamabad,2022-07-26,Paid Search
C00573,Consumer,Karachi,2025-01-06,Referral
C00574,Small Business,Islamabad,2023-01-30,Affiliate
C00575,Consumer,Lahore,2024-12-10,Social Media
C00576,Consumer,Karachi,2024-01-10,Referral
C00577,Consumer,Islamabad,2023-11-07,Paid Search
C00578,Consumer,Multan,2024-08-23,Email
C00579,Home Office,,2025-05-27,Social Media
C00580,Small Business,Karachi,2025-10-08,Organic Search
C00581,Consumer,Lahore,2025-02-17,Paid Search
C00582,Small Business,Islamabad,2024-05-27,Paid Search
C00583,Consumer,Lahore,2023-06-15,Paid Search
C00584,Consumer,Gujranwala,2022-12-11,Affiliate
C00585,Consumer,Multan,2025-07-26,Organic Search
C00586,Home Office,Islamabad,2023-05-21,Social Media
C00587,Home Office,Multan,2023-10-27,Email
C00588,Small Business,Islamabad,2024-11-10,Email
C00589,Consumer,Multan,2025-09-23,Referral
C00590,Small Business,Karachi,2022-06-19,Referral
C00591,Consumer,Lahore,2025-07-06,Referral
C00592,Small Business,Lahore,2025-05-26,Organic Search
C00593,Consumer,Gujranwala,2024-10-05,Referral
C00594,Consumer,Islamabad,2025-08-01,Paid Search
C00595,Home Office,Multan,2025-04-23,Organic Search
C00596,Consumer,Lahore,2025-08-19,Organic Search
C00597,Small Business,Gujranwala,2023-01-19,Social Media
C00598,Consumer,Karachi,2025-05-03,Paid Search
C00599,Consumer,Lahore,2022-12-29,Social Media
C00600,Consumer,Islamabad,2025-05-21,Paid Search
C00601,Small Business,Multan,2023-04-06,Organic Search
C00602,Consumer,Islamabad,2025-05-24,Affiliate
C00603,Consumer,Rawalpindi,2023-06-08,Organic Search
C00604,Consumer,Rawalpindi,2023-01-10,Organic Search
C00605,Small Business,Faisalabad,2024-08-16,Paid Search
C00606,Small Business,Islamabad,2024-11-20,Organic Search
C00607,Consumer,Faisalabad,2022-07-30,Social Media
C00608,Consumer,Islamabad,2024-10-15,Paid Search
C00609,Small Business,Gujranwala,2023-03-21,Organic Search
C00610,Consumer,Islamabad,2025-06-20,Social Media
C00611,Consumer,Rawalpindi,2022-06-21,Social Media
C00612,Consumer,Lahore,2024-04-09,Organic Search
C00613,Consumer,Karachi,2023-01-09,Organic Search
C00614,Consumer,Rawalpindi,2025-04-03,Referral
C00615,Consumer,Lahore,2023-12-23,Email
C00616,Consumer,Lahore,2025-10-16,Organic Search
C00617,Small Business,Peshawar,2024-10-03,Organic Search
C00618,Consumer,Karachi,2023-03-27,Social Media
C00619,Consumer,Faisalabad,2025-10-13,Organic Search
C00620,Consumer,Multan,2024-11-11,Referral
C00621,Consumer,Lahore,2022-12-19,Social Media
C00622,Home Office,Rawalpindi,2024-07-12,Email
C00623,Consumer,Islamabad,2022-08-04,Organic Search
C00624,Consumer,Peshawar,2025-06-05,Referral
C00625,Consumer,Karachi,2025-06-06,Affiliate
C00626,Consumer,Karachi,2023-03-11,Social Media
C00627,Consumer,Karachi,2024-10-14,Social Media
C00628,Consumer,Lahore,2023-10-19,Paid Search
C00629,Consumer,Karachi,2024-10-07,Affiliate
C00630,Small Business,Lahore,2023-10-15,Organic Search
C00631,Consumer,Karachi,2024-03-07,Social Media
C00632,Small Business,Rawalpindi,2025-10-19,Affiliate
C00633,Consumer,Rawalpindi,2022-10-04,Organic Search
C00634,Home Office,Karachi,2022-12-31,Referral
C00635,Consumer,Multan,2022-07-27,Paid Search
C00636,Consumer,Multan,2022-08-25,Organic Search
C00637,Small Business,Multan,2022-07-01,Social Media
C00638,Consumer,Gujranwala,2023-05-19,Email
C00639,Home Office,Multan,2022-06-26,Organic Search
C00640,Consumer,Multan,2024-03-18,Referral
C00641,Home Office,Karachi,2024-01-28,Email
C00642,Home Office,Karachi,2024-06-10,Social Media
C00643,Consumer,Islamabad,2023-05-24,Paid Search
C00644,Consumer,Lahore,2024-07-09,Paid Search
C00645,Consumer,Peshawar,2024-06-01,Referral
C00646,Small Business,Peshawar,2024-11-23,Organic Search
C00647,Home Office,Lahore,2024-01-20,Referral
C00648,Consumer,Islamabad,2023-06-04,Organic Search
C00649,Consumer,Islamabad,2023-10-10,Social Media
C00650,Consumer,Karachi,2022-09-19,Organic Search
C00651,Small Business,Rawalpindi,2023-02-07,Social Media
C00652,Small Business,Gujranwala,2024-08-30,Organic Search
C00653,Small Business,Lahore,2023-08-26,Affiliate
C00654,Consumer,Karachi,2025-07-21,Paid Search
C00655,Small Business,Karachi,2022-09-08,Social Media
C00656,Consumer,Lahore,2024-12-30,Paid Search
C00657,Small Business,Gujranwala,2023-04-30,Paid Search
C00658,Small Business,Peshawar,2025-07-16,Paid search 
C00659,Consumer,Faisalabad,2025-04-10,Affiliate
C00660,Consumer,Multan,2024-01-25,Referral
C00661,Consumer,Lahore,2025-06-17,Paid Search
C00662,Consumer,Multan,2023-03-09,Paid Search
C00663,Consumer,Karachi,2024-02-02,Organic Search
C00664,Consumer,Lahore,2024-01-30,Referral
C00665,Consumer,Karachi,2024-02-20,Referral
C00666,Consumer,Peshawar,2024-04-21,Organic Search
C00667,Consumer,Rawalpindi,2024-06-19,Paid Search
C00668,Consumer,Karachi,2024-03-10,Paid Search
C00669,Consumer,Gujranwala,2023-06-24,Paid Search
C00670,Consumer,Lahore,2023-04-03,Paid Search
C00671,Consumer,Lahore,2023-09-18,Affiliate
C00672,Consumer,Islamabad,2022-10-21,Social Media
C00673,Consumer,Islamabad,2023-07-24,Paid Search
C00674,Home Office,Lahore,2023-04-24,Email
C00675,Consumer,Islamabad,2024-06-26,Organic Search
C00676,Consumer,Gujranwala,2024-06-07,Referral
C00677,Consumer,Karachi,2025-07-21,Organic Search
C00678,Consumer,Multan,2023-08-14,Organic Search
C00679,Consumer,Rawalpindi,2023-06-22,Organic Search
C00680,Consumer,Gujranwala,2024-01-23,Organic Search
C00681,Consumer,Islamabad,2025-03-29,Email
C00682,Small Business,Rawalpindi,2022-10-14,Organic Search
C00683,Consumer,Karachi,2022-09-30,Paid Search
C00684,Consumer,Rawalpindi,2025-02-10,Referral
C00685,Small Business,Multan,2025-04-05,Social Media
C00686,Consumer,Lahore,2024-12-21,Social Media
C00687,Consumer,Lahore,2023-10-10,Paid Search
C00688,Home Office,Gujranwala,2023-06-22,Social Media
C00689,Home Office,Islamabad,2024-02-24,Email
C00690,Consumer,Faisalabad,2023-12-30,Email
C00691,Small Business,Faisalabad,2022-10-23,Social Media
C00692,Consumer,Lahore,2022-11-05,Organic Search
C00693,Consumer,Karachi,2025-03-15,Referral
C00694,Home Office,Multan,2023-04-20,Social Media
C00695,Small Business,Faisalabad,2024-06-28,Referral
C00696,Consumer,Gujranwala,2024-01-25,Affiliate
C00697,Consumer,Lahore,2025-01-10,Referral
C00698,Consumer,Karachi,2025-02-11,Organic Search
C00699,Consumer,Rawalpindi,2024-02-29,Paid Search
C00700,Consumer,Rawalpindi,2025-11-23,Social Media
C00701,Small Business,Rawalpindi,2024-08-15,Social Media
C00702,Small Business,Gujranwala,2024-11-20,Social Media
C00703,Consumer,Lahore,2023-09-08,Referral
C00704,Consumer,Lahore,2023-06-05,Organic Search
C00705,Consumer,Islamabad,2024-11-19,Organic Search
C00706,Consumer,Karachi,2024-02-01,Paid Search
C00707,Home Office,Karachi,2023-07-07,Referral
C00708,Small Business,Karachi,2022-11-30,Social Media
C00709,Consumer,Multan,2023-02-18,Paid Search
C00710,Consumer,Lahore,2025-02-12,Affiliate
C00711,Consumer,Islamabad,2023-04-03,Email
C00712,Small Business,Faisalabad,2023-01-30,Paid Search
C00713,Consumer,Lahore,2025-05-14,Referral
C00714,Consumer,Islamabad,2022-07-24,Referral
C00715,Small Business,Gujranwala,2023-06-10,Organic Search
C00716,Consumer,Karachi,2024-07-12,Organic Search
C00717,Small Business,Faisalabad,2024-05-21,Organic Search
C00718,Home Office,Islamabad,2023-04-04,Referral
C00719,Consumer,Rawalpindi,2023-01-15,Organic Search
C00720,Consumer,Karachi,2022-06-30,Social Media
C00721,Consumer,Karachi,2025-08-07,Affiliate
C00722,Consumer,Faisalabad,2025-04-07,Social Media
C00723,Consumer,Gujranwala,2023-03-04,Email
C00724,Small Business,Lahore,2024-11-02,Affiliate
C00725,Consumer,Karachi,2022-06-27,Social Media
C00726,Consumer,Islamabad,2025-07-27,Paid Search
C00727,Consumer,Islamabad,2023-12-05,Organic Search
C00728,Consumer,Multan,2022-10-28,Social Media
C00729,Consumer,Lahore,2022-10-26,Social Media
C00730,Home Office,Multan,2024-11-20,Paid Search
C00731,Home Office,Lahore,2025-01-23,Organic Search
C00732,Home Office,Lahore,2023-08-01,Paid Search
C00733,Consumer,Lahore,2025-01-02,Paid Search
C00734,Consumer,Lahore,2024-03-12,Email
C00735,Home Office,Karachi,2022-08-07,Email
C00736,Consumer,Gujranwala,2023-07-31,Social Media
C00737,Home Office,Multan,2023-09-26,Referral
C00738,Consumer,Lahore,2025-08-21,Affiliate
C00739,Consumer,Gujranwala,2023-03-23,Affiliate
C00740,Consumer,Karachi,2024-01-05,Social Media
C00741,Consumer,Multan,2024-03-21,Affiliate
C00742,Home Office,Lahore,2022-08-29,Referral
C00743,Home Office,Gujranwala,2024-08-26,Social Media
C00744,Home Office,Lahore,2023-05-15,Paid Search
C00745,Consumer,Rawalpindi,2025-07-23,Email
C00746,Consumer,Multan,2024-02-28,Organic Search
C00747,Consumer,Lahore,2024-10-26,Organic Search
C00748,Home Office,Lahore,2023-05-02,Paid Search
C00749,Consumer,Karachi,2024-05-21,Referral
C00750,Small Business,Lahore,2022-06-29,Paid Search
C00751,Consumer,Karachi,2024-10-13,Referral
C00752,Consumer,Islamabad,2025-11-20,Paid Search
C00753,Consumer,Karachi,2024-07-31,Organic Search
C00754,Consumer,Karachi,2025-08-12,Affiliate
C00755,Consumer,Peshawar,2025-06-24,Organic Search
C00756,Consumer,Rawalpindi,2025-12-19,Affiliate
C00757,Home Office,Islamabad,2024-09-07,Organic Search
C00758,Small Business,Peshawar,2022-10-17,Organic Search
C00759,Consumer,Gujranwala,2024-09-24,Affiliate
C00760,Consumer,Karachi,2023-06-02,Email
C00761,Consumer,Rawalpindi,2023-10-21,Email
C00762,Consumer,Lahore,2025-05-19,Organic Search
C00763,Consumer,Lahore,2024-09-28,Email
C00764,Consumer,Karachi,2023-10-30,Paid Search
C00765,Consumer,Multan,2024-06-25,Social Media
C00766,Consumer,Rawalpindi,2023-10-13,Social Media
C00767,Home Office,Islamabad,2024-03-11,Affiliate
C00768,Consumer,Lahore,2022-11-13,Organic Search
C00769,Consumer,Gujranwala,2023-11-17,Organic Search
C00770,Home Office,Islamabad,2022-09-11,Email
C00771,Home Office,Islamabad,2022-11-29,Referral
C00772,Home Office,Gujranwala,2023-03-06,Organic Search
C00773,Home Office,Multan,2022-11-17,Organic Search
C00774,Home Office,Multan,2024-07-21,Social Media
C00775,Home Office,Gujranwala,2025-08-06,Email
C00776,Home Office,Multan,2024-05-30,Social Media
C00777,Consumer,Karachi,2023-06-02,Affiliate
C00778,Consumer,Karachi,2025-02-15,Social Media
C00779,Consumer,Karachi,2023-11-27,Referral
C00780,Consumer,Islamabad,2025-09-28,Social Media
C00781,Consumer,Lahore,2025-11-05,Email
C00782,Home Office,Peshawar,2022-07-22,Social Media
C00783,Consumer,Lahore,2024-05-24,Referral
C00784,Small Business,Islamabad,2024-12-04,Paid Search
C00785,Consumer,Lahore,2022-06-06,Referral
C00786,Consumer,Karachi,2023-04-03,Social Media
C00787,Consumer,Lahore,2023-11-12,Affiliate
C00788,Home Office,Islamabad,2023-03-02,Organic Search
C00789,Consumer,Karachi,2025-11-08,Affiliate
C00790,Small Business,Gujranwala,2024-03-14,Affiliate
C00791,Consumer,Faisalabad,2025-09-15,Organic Search
C00792,Consumer,Karachi,2024-04-10,Referral
C00793,Consumer,Lahore,2022-10-29,Social Media
C00794,Consumer,Karachi,2025-12-01,Social Media
C00795,Consumer,Karachi,2025-10-15,Organic Search
C00796,Small Business,Gujranwala,2025-06-18,Paid Search
C00797,Consumer,Gujranwala,2023-03-26,Organic Search
C00798,Consumer,Karachi,2025-08-04,Paid search 
C00799,Consumer,Rawalpindi,2023-09-26,Referral
C00800,Small Business,Rawalpindi,2022-10-05,Referral
C00801,Consumer,Lahore,2025-07-31,Affiliate
C00802,Home Office,Gujranwala,2024-10-25,Organic Search
C00803,Consumer,Karachi,2025-07-17,Organic Search
C00804,Home Office,Rawalpindi,2023-04-18,Referral
C00805,Consumer,Karachi,2025-01-31,Referral
C00806,Home Office,Gujranwala,2024-07-03,Organic Search
C00807,Consumer,Peshawar,2023-02-12,Organic Search
C00808,Consumer,Karachi,2023-02-05,Paid Search
C00809,Consumer,Karachi,2023-07-05,Paid Search
C00810,Consumer,Islamabad,2024-10-22,Paid Search
C00811,Consumer,Rawalpindi,2022-10-26,Organic Search
C00812,Consumer,Rawalpindi,2022-09-16,Social Media
C00813,Small Business,Lahore,2023-08-08,Organic Search
C00814,Home Office,Lahore,2024-08-09,Email
C00815,Consumer,Karachi,2023-08-01,Organic Search
C00816,Home Office,Lahore,2024-04-18,Paid Search
C00817,Home Office,Islamabad,2023-03-19,Organic Search
C00818,Consumer,Karachi,2023-03-29,Social Media
C00819,Small Business,Faisalabad,2022-10-03,Organic Search
C00820,Small Business,Islamabad,2023-07-18,Social Media
C00821,Consumer,Lahore,2023-09-16,Organic Search
C00822,Consumer,Islamabad,2024-04-03,Organic Search
C00823,Consumer,Islamabad,2022-10-08,Organic Search
C00824,Consumer,Faisalabad,2022-12-01,Social Media
C00825,Consumer,Karachi,2024-10-09,Social Media
C00826,Consumer,Karachi,2022-09-26,Social Media
C00827,Small Business,Lahore,2023-08-07,Referral
C00828,Consumer,Lahore,2023-02-09,Referral
C00829,Consumer,Rawalpindi,2025-07-05,Social Media
C00830,Home Office,Karachi,2024-03-01,Email
C00831,Consumer,Faisalabad,2025-02-07,Paid Search
C00832,Consumer,Rawalpindi,2025-12-15,Referral
C00833,Consumer,Karachi,2023-11-30,Referral
C00834,Consumer,Karachi,2023-09-02,Paid Search
C00835,Consumer,Islamabad,2025-02-11,Referral
C00836,Home Office,Lahore,2023-02-07,Referral
C00837,Consumer,Karachi,2023-06-28,Paid Search
C00838,Consumer,Karachi,2025-12-14,Email
C00839,Home Office,Lahore,2024-06-29,Organic Search
C00840,Consumer,Lahore,2022-11-08,Email
C00841,Consumer,Lahore,2023-12-23,Organic Search
C00842,Consumer,Peshawar,2025-04-26,Organic Search
C00843,Consumer,Islamabad,2025-03-30,Social Media
C00844,Small Business,Gujranwala,2022-09-04,Organic Search
C00845,Consumer,Multan,2023-10-18,Email
C00846,Consumer,Karachi,2025-07-03,Social Media
C00847,Consumer,Lahore,2023-01-25,Organic Search
C00848,Small Business,Lahore,2025-10-08,Email
C00849,Small Business,Lahore,2024-08-09,Referral
C00850,Small Business,Peshawar,2025-10-05,Paid Search
C00851,Consumer,Karachi,2024-12-27,Social Media
C00852,Home Office,Karachi,2024-09-20,Paid Search
C00853,Consumer,Lahore,2024-03-20,Referral
C00854,Consumer,Rawalpindi,2024-12-14,Paid Search
C00855,Consumer,Islamabad,2022-08-18,Email
C00856,Consumer,Islamabad,2024-12-23,Email
C00857,Consumer,Islamabad,2024-10-20,Social Media
C00858,Consumer,Islamabad,2023-06-26,Social Media
C00859,Home Office,Lahore,2023-06-12,Organic Search
C00860,Consumer,Multan,2024-01-31,Paid Search
C00861,Small Business,Islamabad,2024-01-21,Social Media
C00862,Small Business,Faisalabad,2025-11-04,Paid Search
C00863,Consumer,Faisalabad,2024-08-20,Organic Search
C00864,Consumer,Lahore,2022-12-28,Affiliate
C00865,Consumer,Karachi,2023-08-13,Organic Search
C00866,Consumer,Faisalabad,2022-11-29,Social Media
C00867,Consumer,Rawalpindi,2023-02-20,Social Media
C00868,Consumer,Multan,2022-11-11,Social Media
C00869,Consumer,Peshawar,2023-03-18,Organic Search
C00870,Consumer,Gujranwala,2025-01-12,Email
C00871,Home Office,Karachi,2023-02-07,Organic Search
C00872,Consumer,Karachi,2025-07-11,Referral
C00873,Consumer,,2023-12-23,Social Media
C00874,Home Office,Islamabad,2023-11-05,Referral
C00875,Consumer,Gujranwala,2025-07-20,Email
C00876,Consumer,Gujranwala,2024-04-09,social media
C00877,Small Business,Karachi,2023-05-07,Organic Search
C00878,Home Office,Islamabad,2024-09-01,Organic Search
C00879,Consumer,Islamabad,2024-12-03,Email
C00880,Consumer,Karachi,2023-09-25,Paid Search
C00881,Consumer,Lahore,2023-01-02,Organic Search
C00882,Consumer,Lahore,2025-01-12,Email
C00883,Small Business,Multan,2023-10-14,Social Media
C00884,Home Office,Rawalpindi,2024-05-03,Organic Search
C00885,Consumer,Lahore,2025-12-16,Organic Search
C00886,Home Office,Lahore,2024-06-10,Social Media
C00887,Home Office,Faisalabad,2024-03-12,Paid Search
C00888,Consumer,Faisalabad,2024-08-16,Social Media
C00889,Consumer,Rawalpindi,2025-05-11,Paid Search
C00890,Consumer,Lahore,2023-05-25,Referral
C00891,Home Office,Karachi,2024-05-06,Organic Search
C00892,Consumer,Rawalpindi,2025-02-11,Organic Search
C00893,Consumer,Multan,2024-06-14,Paid Search
C00894,Consumer,Rawalpindi,2025-03-10,Paid Search
C00895,Home Office,Gujranwala,2023-08-06,Social Media
C00896,Consumer,Islamabad,2023-06-23,Social Media
C00897,Home Office,Karachi,2025-12-08,Paid Search
C00898,Home Office,Rawalpindi,2022-06-30,Referral
C00899,Consumer,Faisalabad,2022-09-16,Paid Search
C00900,Consumer,Islamabad,2025-01-20,Paid Search
C00901,Consumer,Islamabad,2025-09-17,Social Media
C00902,Consumer,Gujranwala,2023-07-18,Organic Search
C00903,Small Business,Rawalpindi,2024-01-19,Affiliate
C00904,Home Office,Islamabad,2023-11-17,Organic Search
C00905,Consumer,Karachi,2022-12-26,Email
C00906,Consumer,Multan,2022-09-10,Referral
C00907,Consumer,Gujranwala,2024-03-02,Paid Search
C00908,Consumer,Faisalabad,2025-08-13,Email
C00909,Consumer,Gujranwala,2025-01-30,Email
C00910,Consumer,Multan,2025-03-24,Organic Search
C00911,Consumer,Karachi,2025-08-10,Organic Search
C00912,Consumer,Multan,2023-12-10,Affiliate
C00913,Consumer,,2024-05-30,Affiliate
C00914,Home Office,Faisalabad,2023-03-06,Organic Search
C00915,Consumer,Lahore,2023-05-29,Organic Search
C00916,Consumer,Lahore,2022-08-09,Paid Search
C00917,Consumer,Rawalpindi,2025-06-26,Affiliate
C00918,Consumer,Rawalpindi,2024-02-01,Organic Search
C00919,Consumer,Multan,2025-04-20,Email
C00920,Consumer,Peshawar,2025-11-10,Social Media
C00921,Consumer,Gujranwala,2023-04-25,Organic Search
C00922,Consumer,Peshawar,2023-12-09,Organic Search
C00923,Consumer,Islamabad,2024-06-12,Organic Search
C00924,Small Business,Gujranwala,2024-01-02,Email
C00925,Small Business,Faisalabad,2023-07-16,Social Media
C00926,Consumer,Lahore,2022-08-03,Email
C00927,Consumer,Islamabad,2023-06-28,Social Media
C00928,Consumer,Faisalabad,2025-02-14,Paid Search
C00929,Small Business,Rawalpindi,2023-02-15,Referral
C00930,Home Office,Lahore,2022-12-07,Organic Search
C00931,Consumer,Lahore,2024-11-09,Paid Search
C00932,Consumer,Lahore,2023-01-03,Affiliate
C00933,Consumer,Lahore,2023-04-05,Paid Search
C00934,Small Business,Gujranwala,2025-03-30,Referral
C00935,Home Office,Lahore,2024-11-22,Referral
C00936,Small Business,Peshawar,2025-09-11,Affiliate
C00937,Small Business,Lahore,2023-01-30,Social Media
C00938,Small Business,Islamabad,2024-09-25,Social Media
C00939,Consumer,Gujranwala,2023-01-04,Social Media
C00940,Consumer,Gujranwala,2024-10-02,Paid Search
C00941,Consumer,Multan,2022-11-21,Organic Search
C00942,Home Office,Islamabad,2024-02-01,Affiliate
C00943,Consumer,Multan,2024-05-22,Referral
C00944,Home Office,Multan,2023-11-07,Paid Search
C00945,Consumer,Peshawar,2023-07-14,Paid Search
C00946,Consumer,Rawalpindi,2024-09-26,Affiliate
C00947,Consumer,Rawalpindi,2022-08-07,Affiliate
C00948,Consumer,Karachi,2023-05-31,Affiliate
C00949,Consumer,Lahore,2022-09-03,Paid Search
C00950,Home Office,Islamabad,2024-08-24,Paid Search
C00951,Consumer,Lahore,2022-06-20,Social Media
C00952,Home Office,Gujranwala,2024-04-11,Organic Search
C00953,Home Office,Rawalpindi,2022-09-19,Referral
C00954,Home Office,Lahore,2025-04-09,Referral
C00955,Consumer,Karachi,2023-08-13,Social Media
C00956,Small Business,Faisalabad,2025-07-07,Social Media
C00957,Consumer,Islamabad,2024-08-07,Organic Search
C00958,Consumer,Rawalpindi,2025-08-22,Referral
C00959,Home Office,Karachi,2023-08-03,Social Media
C00960,Consumer,Rawalpindi,2022-06-12,Email
C00961,Consumer,Gujranwala,2024-05-28,Organic Search
C00962,Small Business,Lahore,2023-06-20,Social Media
C00963,Consumer,Islamabad,2025-07-13,Organic Search
C00964,Consumer,Lahore,2024-08-31,Referral
C00965,Consumer,Multan,2023-05-05,Organic Search
C00966,Small Business,Islamabad,2024-01-05,Paid Search
C00967,Consumer,Peshawar,2025-04-28,Organic Search
C00968,Consumer,Faisalabad,2023-10-11,Affiliate
C00969,Home Office,Faisalabad,2025-05-27,Paid Search
C00970,Consumer,Peshawar,2025-04-08,Social Media
C00971,Consumer,Islamabad,2025-09-22,Affiliate
C00972,Home Office,Lahore,2024-03-10,Social Media
C00973,Consumer,Lahore,2025-02-03,Paid Search
C00974,Home Office,Lahore,2022-08-13,Email
C00975,Consumer,Lahore,2023-09-14,Affiliate
C00976,Consumer,Karachi,2022-06-24,Organic Search
C00977,Consumer,Lahore,2024-12-25,Email
C00978,Consumer,Lahore,2022-10-07,Referral
C00979,Consumer,Faisalabad,2024-05-08,Paid Search
C00980,Consumer,Rawalpindi,2025-10-19,Affiliate
C00981,Consumer,Karachi,2022-10-11,Social Media
C00982,Small Business,Rawalpindi,2023-12-09,Paid Search
C00983,Consumer,Peshawar,2024-03-29,Paid Search
C00984,Consumer,Lahore,2022-07-22,Social Media
C00985,Small Business,Karachi,2022-09-16,Organic Search
C00986,Consumer,Lahore,2023-06-02,Email
C00987,Small Business,Multan,2023-02-25,Email
C00988,Small Business,Rawalpindi,2024-03-03,Affiliate
C00989,Home Office,Lahore,2024-11-23,Referral
C00990,Home Office,Rawalpindi,2024-08-24,Paid Search
C00991,Consumer,Rawalpindi,2023-11-23,Email
C00992,Consumer,Gujranwala,2025-10-12,Affiliate
C00993,Consumer,Karachi,2024-02-05,Affiliate
C00994,Small Business,Multan,2024-10-19,Email
C00995,Consumer,Rawalpindi,2023-08-30,Organic Search
C00996,Consumer,Karachi,2025-01-06,Organic Search
C00997,Home Office,Rawalpindi,2025-07-14,Paid Search
C00998,Small Business,Gujranwala,2024-11-25,Email
C00999,Consumer,Lahore,2024-03-24,Paid Search
C01000,Consumer,Karachi,2024-04-23,Paid Search
C01001,Consumer,Karachi,2023-09-19,Paid Search
C01002,Consumer,Peshawar,2022-07-27,Paid Search
C01003,Home Office,Faisalabad,2024-10-22,Referral
C01004,Consumer,Peshawar,2025-04-13,Paid Search
C01005,Consumer,Rawalpindi,2023-08-11,social media
C01006,Consumer,Islamabad,2022-11-18,Affiliate
C01007,Consumer,Rawalpindi,2024-10-02,Organic Search
C01008,Consumer,Faisalabad,2024-04-11,Organic Search
C01009,Consumer,Karachi,2025-12-19,Organic Search
C01010,Consumer,Rawalpindi,2024-09-10,Email
C01011,Consumer,Rawalpindi,2024-09-24,Affiliate
C01012,Consumer,Lahore,2022-06-19,Email
C01013,Home Office,Karachi,2024-02-04,Social Media
C01014,Consumer,Faisalabad,2025-01-10,Organic Search
C01015,Home Office,Lahore,2024-03-16,Organic Search
C01016,Consumer,Lahore,2023-11-25,Organic Search
C01017,Consumer,,2023-09-02,Organic Search
C01018,Consumer,Lahore,2025-03-01,Paid Search
C01019,Home Office,Islamabad,2025-11-17,Affiliate
C01020,Consumer,Karachi,2025-01-04,Referral
C01021,Home Office,Lahore,2023-03-05,Organic Search
C01022,Consumer,Lahore,2025-11-11,Organic Search
C01023,Consumer,Rawalpindi,2024-07-25,Referral
C01024,Home Office,Lahore,2023-02-17,Paid Search
C01025,Home Office,Karachi,2024-09-05,Social Media
C01026,Consumer,Lahore,2025-09-15,Paid Search
C01027,Consumer,Multan,2024-11-15,Affiliate
C01028,Home Office,Faisalabad,2022-06-02,Organic Search
C01029,Consumer,Faisalabad,2022-08-22,Email
C01030,Consumer,Karachi,2024-06-02,Organic Search
C01031,Consumer,Islamabad,2024-10-31,Email
C01032,Consumer,Karachi,2023-10-03,Paid Search
C01033,Home Office,Rawalpindi,2024-12-30,Organic Search
C01034,Home Office,Peshawar,2023-10-31,Email
C01035,Consumer,Multan,2025-02-22,Referral
C01036,Consumer,Rawalpindi,2024-08-23,Social Media
C01037,Consumer,Karachi,2024-02-29,Social Media
C01038,Consumer,Lahore,2024-10-21,Social Media
C01039,Consumer,Peshawar,2022-06-15,Organic Search
C01040,Small Business,Karachi,2025-04-05,Paid Search
C01041,Home Office,Faisalabad,2025-05-27,Paid Search
C01042,Consumer,Lahore,2025-07-31,Email
C01043,Small Business,Lahore,2023-04-29,Social Media
C01044,Consumer,Lahore,2024-06-08,Paid Search
C01045,Consumer,Rawalpindi,2025-01-29,Organic Search
C01046,Consumer,Karachi,2023-06-04,Organic Search
C01047,Consumer,Faisalabad,2023-10-30,Organic Search
C01048,Consumer,Gujranwala,2025-07-26,Organic Search
C01049,Small Business,Faisalabad,2023-06-22,Referral
C01050,Home Office,Lahore,2024-09-19,Organic Search
C01051,Consumer,Karachi,2025-11-11,Organic Search
C01052,Small Business,Karachi,2023-01-27,Social Media
C01053,Small Business,Karachi,2025-11-04,Organic Search
C01054,Consumer,Lahore,2024-10-31,Organic Search
C01055,Consumer,Islamabad,2022-08-13,Affiliate
C01056,Consumer,Karachi,2023-11-29,Organic Search
C01057,Home Office,Gujranwala,2023-01-17,Organic Search
C01058,Consumer,Rawalpindi,2023-10-31,Email
C01059,Home Office,Gujranwala,2025-05-18,Affiliate
C01060,Small Business,Rawalpindi,2025-07-30,Organic Search
C01061,Small Business,Lahore,2022-06-11,Organic Search
C01062,Small Business,Lahore,2023-01-27,Social Media
C01063,Consumer,Peshawar,2023-06-23,Organic Search
C01064,Home Office,Gujranwala,2023-01-19,Referral
C01065,Home Office,Rawalpindi,2024-10-05,Paid Search
C01066,Consumer,Peshawar,2025-08-17,Referral
C01067,Consumer,Karachi,2023-10-23,Paid Search
C01068,Consumer,Faisalabad,2022-08-25,Referral
C01069,Home Office,Lahore,2022-12-22,Social Media
C01070,Consumer,Karachi,2025-06-30,Organic Search
C01071,Home Office,Lahore,2022-10-12,Organic Search
C01072,Consumer,Karachi,2023-04-04,Paid Search
C01073,Consumer,,2024-02-06,Referral
C01074,Consumer,Karachi,2025-10-30,Social Media
C01075,Small Business,Rawalpindi,2024-02-06,Social Media
C01076,Home Office,Lahore,2025-06-22,Organic Search
C01077,Home Office,Islamabad,2024-10-05,Referral
C01078,Small Business,Karachi,2023-08-07,Social Media
C01079,Home Office,Gujranwala,2024-09-11,Paid Search
C01080,Consumer,Karachi,2025-10-23,Referral
C01081,Consumer,Islamabad,2024-02-14,Organic Search
C01082,Consumer,Faisalabad,2023-03-18,Paid Search
C01083,Home Office,Islamabad,2022-11-29,Organic Search
C01084,Home Office,Peshawar,2025-07-29,Paid Search
C01085,Consumer,Faisalabad,2023-09-24,Organic Search
C01086,Consumer,Islamabad,2022-09-08,Social Media
C01087,Small Business,Faisalabad,2024-07-28,Email
C01088,Consumer,Karachi,2024-08-13,Referral
C01089,Small Business,Gujranwala,2025-11-06,Social Media
C01090,Consumer,Lahore,2023-09-07,Organic Search
C01091,Small Business,Gujranwala,2024-01-29,Paid Search
C01092,Home Office,Rawalpindi,2022-10-05,Organic Search
C01093,Consumer,Karachi,2023-03-04,Social Media
C01094,Consumer,Rawalpindi,2025-06-29,Paid Search
C01095,Small Business,Karachi,2024-12-03,Organic Search
C01096,Consumer,Lahore,2025-07-22,Referral
C01097,Consumer,Karachi,2025-07-27,Social Media
C01098,Consumer,Multan,2022-11-24,Organic Search
C01099,Consumer,Islamabad,2023-11-12,Organic Search
C01100,Consumer,Lahore,2024-05-27,Email
C01101,Consumer,Rawalpindi,2023-06-01,Referral
C01102,Consumer,Karachi,2025-05-29,Referral
C01103,Consumer,Karachi,2024-02-07,Paid Search
C01104,Small Business,Islamabad,2022-06-23,Email
C01105,Consumer,Faisalabad,2023-06-12,Affiliate
C01106,Consumer,Karachi,2025-01-29,Affiliate
C01107,Consumer,Islamabad,2023-07-11,Referral
C01108,Home Office,Multan,2025-06-12,Social Media
C01109,Consumer,Faisalabad,2025-06-22,Organic Search
C01110,Consumer,Islamabad,2025-07-20,Email
C01111,Home Office,Rawalpindi,2023-10-03,Email
C01112,Consumer,Karachi,2023-04-28,Referral
C01113,Consumer,Faisalabad,2023-11-28,Social Media
C01114,Home Office,Karachi,2024-05-19,Referral
C01115,Consumer,Multan,2022-09-08,Affiliate
C01116,Consumer,Karachi,2025-10-26,Organic Search
C01117,Consumer,Karachi,2023-11-08,Paid Search
C01118,Small Business,Islamabad,2024-12-07,Social Media
C01119,Consumer,Gujranwala,2025-06-27,Organic Search
C01120,Home Office,Rawalpindi,2022-08-30,Affiliate
C01121,Consumer,Peshawar,2023-09-12,Social Media
C01122,Consumer,Faisalabad,2024-03-20,Affiliate
C01123,Consumer,Peshawar,2023-07-28,Paid Search
C01124,Consumer,Islamabad,2024-12-23,Social Media
C01125,Consumer,Faisalabad,2022-11-12,Email
C01126,Home Office,Karachi,2024-01-29,Paid Search
C01127,Consumer,Multan,2022-07-23,Referral
C01128,Consumer,Faisalabad,2024-10-22,Email
C01129,Small Business,Faisalabad,2024-01-09,Paid Search
C01130,Small Business,Karachi,2025-11-07,Email
C01131,Consumer,Karachi,2023-12-20,Social Media
C01132,Consumer,Multan,2024-05-28,Organic Search
C01133,Consumer,Karachi,2025-06-06,Social Media
C01134,Consumer,Karachi,2025-03-14,Affiliate
C01135,Consumer,Lahore,2025-09-08,Affiliate
C01136,Consumer,Faisalabad,2022-12-24,Paid Search
C01137,Consumer,Karachi,2025-10-04,Organic Search
C01138,Home Office,Faisalabad,2023-12-23,Email
C01139,Consumer,Karachi,2025-10-14,Affiliate
C01140,Small Business,Karachi,2025-12-09,Organic Search
C01141,Consumer,Faisalabad,2024-04-26,Affiliate
C01142,Small Business,Peshawar,2023-01-15,Paid Search
C01143,Small Business,Lahore,2024-01-22,Organic Search
C01144,Consumer,Karachi,2024-07-20,Social Media
C01145,Small Business,Faisalabad,2023-12-30,Paid Search
C01146,Consumer,Peshawar,2025-08-10,Organic Search
C01147,Consumer,Islamabad,2022-11-01,Paid Search
C01148,Consumer,Peshawar,2023-11-14,Email
C01149,Consumer,Karachi,2024-01-29,Paid Search
C01150,Consumer,Karachi,2022-08-17,Paid Search
C01151,Consumer,Karachi,2023-06-26,Social Media
C01152,Consumer,Rawalpindi,2025-11-19,Referral
C01153,Consumer,Karachi,2024-01-05,Email
C01154,Home Office,Faisalabad,2024-07-11,Email
C01155,Consumer,Lahore,2023-01-12,Paid Search
C01156,Home Office,Faisalabad,2023-08-20,Paid Search
C01157,Consumer,Karachi,2025-03-01,Paid Search
C01158,Consumer,Islamabad,2022-06-12,Organic Search
C01159,Consumer,Rawalpindi,2025-05-17,Organic Search
C01160,Home Office,Islamabad,2025-01-13,Referral
C01161,Consumer,Karachi,2022-06-14,Organic Search
C01162,Consumer,Rawalpindi,2025-10-25,Paid Search
C01163,Home Office,Karachi,2022-11-18,Affiliate
C01164,Consumer,Karachi,2025-12-04,Referral
C01165,Consumer,Karachi,2022-09-02,Affiliate
C01166,Consumer,Multan,2023-01-22,Paid Search
C01167,Consumer,Lahore,2024-10-04,Paid Search
C01168,Consumer,Karachi,2025-11-22,Affiliate
C01169,Consumer,Faisalabad,2024-06-21,Paid search 
C01170,Consumer,Gujranwala,2023-04-18,Organic Search
C01171,Consumer,Karachi,2024-04-12,Referral
C01172,Home Office,Lahore,2024-01-06,Email
C01173,Consumer,Multan,2024-12-05,Email
C01174,Consumer,Multan,2024-07-13,Organic Search
C01175,Consumer,Rawalpindi,2022-10-14,Referral
C01176,Small Business,Karachi,2022-09-30,Organic Search
C01177,Consumer,Gujranwala,2024-10-20,Paid Search
C01178,Consumer,Rawalpindi,2023-01-10,Organic Search
C01179,Consumer,Lahore,2025-10-06,Social Media
C01180,Consumer,Lahore,2023-06-28,Organic Search
C01181,Small Business,Lahore,2023-10-18,Email
C01182,Home Office,Gujranwala,2023-01-20,Organic Search
C01183,Home Office,Karachi,2024-07-05,Organic Search
C01184,Consumer,Gujranwala,2023-02-22,Social Media
C01185,Small Business,Rawalpindi,2023-11-20,Paid Search
C01186,Home Office,Faisalabad,2022-12-27,Paid Search
C01187,Consumer,Islamabad,2023-07-14,Social Media
C01188,Consumer,Peshawar,2024-12-03,Social Media
C01189,Consumer,Islamabad,2024-11-02,Organic Search
C01190,Consumer,Islamabad,2025-03-28,Organic Search
C01191,Consumer,Faisalabad,2024-01-03,Referral
C01192,Consumer,Karachi,2022-10-05,Organic Search
C01193,Consumer,Islamabad,2023-01-06,Email
C01194,Consumer,Faisalabad,2025-03-01,Referral
C01195,Consumer,Karachi,2025-03-13,Paid Search
C01196,Consumer,Islamabad,2023-03-18,Social Media
C01197,Home Office,Faisalabad,2022-11-29,Social Media
C01198,Small Business,Peshawar,2023-01-23,Paid Search
C01199,Home Office,Karachi,2025-07-03,Social Media
C01200,Consumer,Islamabad,2024-11-30,Organic Search
C01201,Consumer,Peshawar,2024-04-09,Email
C01202,Home Office,Rawalpindi,2024-10-15,Affiliate
C01203,Home Office,Lahore,2024-06-26,Organic Search
C01204,Home Office,Peshawar,2023-02-24,Organic Search
C01205,Consumer,Lahore,2024-05-20,Referral
C01206,Consumer,Islamabad,2023-07-02,Affiliate
C01207,Consumer,Lahore,2023-07-26,Affiliate
C01208,Consumer,Karachi,2024-04-24,Referral
C01209,Consumer,Lahore,2024-04-09,Referral
C01210,Consumer,Islamabad,2023-08-16,Organic Search
C01211,Consumer,Gujranwala,2024-10-10,Referral
C01212,Consumer,Faisalabad,2025-09-26,Email
C01213,Consumer,Gujranwala,2023-09-19,Referral
C01214,Home Office,Rawalpindi,2023-09-03,Referral
C01215,Consumer,Multan,2022-07-10,Paid Search
C01216,Small Business,Faisalabad,2025-07-28,Referral
C01217,Consumer,Lahore,2024-09-18,Paid Search
C01218,Home Office,Rawalpindi,2023-01-02,Social Media
C01219,Consumer,Rawalpindi,2024-02-02,Paid Search
C01220,Small Business,Karachi,2022-10-09,Social Media
C01221,Small Business,Islamabad,2024-08-07,Referral
C01222,Consumer,Rawalpindi,2024-08-16,Organic Search
C01223,Consumer,Rawalpindi,2024-11-25,Social Media
C01224,Consumer,Faisalabad,2022-08-17,Email
C01225,Consumer,Lahore,2023-07-05,Social Media
C01226,Home Office,Islamabad,2024-06-10,Social Media
C01227,Consumer,Lahore,2024-02-21,Organic Search
C01228,Consumer,Rawalpindi,2022-09-04,Organic Search
C01229,Consumer,Multan,2024-04-10,Organic Search
C01230,Consumer,Gujranwala,2023-05-12,Paid Search
C01231,Consumer,Lahore,2023-01-02,Affiliate
C01232,Small Business,Karachi,2022-09-07,Paid Search
C01233,Small Business,Karachi,2025-08-31,Paid Search
C01234,Small Business,Karachi,2024-03-29,Affiliate
C01235,Home Office,Rawalpindi,2025-06-17,Email
C01236,Home Office,Islamabad,2023-03-18,Referral
C01237,Small Business,Multan,2025-08-15,Email
C01238,Home Office,Lahore,2023-01-04,Social Media
C01239,Consumer,Karachi,2023-01-21,Referral
C01240,Small Business,Gujranwala,2025-06-16,Referral
C01241,Consumer,Rawalpindi,2025-11-23,Organic Search
C01242,Consumer,Rawalpindi,2022-08-04,Organic Search
C01243,Consumer,Peshawar,2022-07-04,Organic Search
C01244,Consumer,Rawalpindi,2025-03-12,Organic Search
C01245,Home Office,Multan,2023-01-22,Referral
C01246,Consumer,Peshawar,2023-11-30,Paid Search
C01247,Consumer,Multan,2023-08-18,Social Media
C01248,Small Business,Faisalabad,2022-08-22,Affiliate
C01249,Small Business,Gujranwala,2025-10-04,Paid Search
C01250,Small Business,Lahore,2023-11-20,Paid Search
C01251,Consumer,Gujranwala,2023-05-16,Email
C01252,Consumer,Karachi,2025-10-27,Paid Search
C01253,Consumer,Karachi,2025-05-09,Paid Search
C01254,Consumer,Multan,2023-10-21,Social Media
C01255,Consumer,Lahore,2024-08-04,Referral
C01256,Home Office,Karachi,2023-08-25,Paid Search
C01257,Consumer,Lahore,2023-02-26,Social Media
C01258,Consumer,Karachi,2023-01-06,Email
C01259,Consumer,Faisalabad,2023-05-27,Email
C01260,Consumer,Rawalpindi,2024-04-08,Referral
C01261,Consumer,Karachi,2023-06-05,Social Media
C01262,Consumer,Gujranwala,2022-08-10,Paid Search
C01263,Consumer,Faisalabad,2023-01-31,Affiliate
C01264,Consumer,Multan,2025-08-26,Email
C01265,Consumer,Faisalabad,2025-05-29,Affiliate
C01266,Home Office,Rawalpindi,2022-12-16,Referral
C01267,Small Business,Karachi,2022-10-17,Paid Search
C01268,Consumer,Peshawar,2024-03-21,Email
C01269,Consumer,Lahore,2023-03-16,Affiliate
C01270,Small Business,Islamabad,2023-07-01,Social Media
C01271,Consumer,Peshawar,2025-10-11,Paid Search
C01272,Consumer,Multan,2023-08-12,Organic Search
C01273,Home Office,Karachi,2024-10-24,Organic Search
C01274,Consumer,Islamabad,2022-09-22,Paid Search
C01275,Consumer,Faisalabad,2023-10-15,Social Media
C01276,Consumer,Lahore,2025-05-28,Affiliate
C01277,Consumer,Peshawar,2023-03-15,Paid Search
C01278,Small Business,Islamabad,2024-10-04,Referral
C01279,Consumer,Lahore,2023-03-19,Referral
C01280,Small Business,Islamabad,2023-02-02,Social Media
C01281,Consumer,Multan,2024-07-23,Paid Search
C01282,Small Business,Karachi,2024-07-19,Organic Search
C01283,Consumer,Karachi,2022-08-05,Affiliate
C01284,Consumer,Islamabad,2022-06-02,Affiliate
C01285,Consumer,Lahore,2024-11-04,Paid Search
C01286,Consumer,Karachi,2022-07-02,Organic Search
C01287,Home Office,Islamabad,2024-06-16,Referral
C01288,Consumer,Karachi,2022-10-31,Paid Search
C01289,Consumer,Islamabad,2022-08-12,Paid Search
C01290,Home Office,Peshawar,2024-12-10,Social Media
C01291,Consumer,Rawalpindi,2022-10-22,Organic Search
C01292,Small Business,Islamabad,2022-09-24,Organic Search
C01293,Home Office,Islamabad,2023-03-21,Organic Search
C01294,Consumer,Karachi,2023-04-06,Affiliate
C01295,Consumer,Lahore,2022-12-06,Paid Search
C01296,Consumer,Lahore,2025-11-19,Organic Search
C01297,Consumer,Karachi,2025-01-01,Referral
C01298,Home Office,Lahore,2022-09-25,Organic Search
C01299,Home Office,Lahore,2023-04-16,Affiliate
C01300,Home Office,Rawalpindi,2024-05-21,Email
C01301,Consumer,Gujranwala,2023-06-08,Paid Search
C01302,Consumer,Islamabad,2022-11-02,Referral
C01303,Small Business,Multan,2025-05-07,Paid Search
C01304,Consumer,Gujranwala,2023-12-04,Email
C01305,Consumer,Lahore,2024-04-05,Social Media
C01306,Home Office,Lahore,2022-11-21,Referral
C01307,Consumer,,2024-04-28,Social Media
C01308,Consumer,Islamabad,2023-04-29,Paid Search
C01309,Consumer,Multan,2024-06-18,Paid Search
C01310,Consumer,Rawalpindi,2024-10-28,Paid Search
C01311,Consumer,Multan,2024-09-25,Paid Search
C01312,Small Business,Faisalabad,2025-12-19,Referral
C01313,Consumer,Faisalabad,2022-10-07,Social Media
C01314,Consumer,Multan,2025-03-19,Organic Search
C01315,Home Office,Peshawar,2022-10-03,Affiliate
C01316,Consumer,Faisalabad,2024-12-14,Social Media
C01317,Consumer,Lahore,2023-03-27,Email
C01318,Consumer,Gujranwala,2025-07-18,Email
C01319,Consumer,Karachi,2024-01-08,Paid Search
C01320,Small Business,Karachi,2023-04-03,Paid Search
C01321,Consumer,Lahore,2024-08-03,Organic Search
C01322,Consumer,Lahore,2023-12-14,Paid Search
C01323,Consumer,Lahore,2025-07-15,Affiliate
C01324,Consumer,Rawalpindi,2023-01-14,Paid Search
C01325,Consumer,Rawalpindi,2023-03-09,Referral
C01326,Home Office,Multan,2022-08-25,Paid Search
C01327,Consumer,Rawalpindi,2023-03-09,Organic Search
C01328,Consumer,Karachi,2025-10-17,Organic Search
C01329,Consumer,Lahore,2024-09-28,Email
C01330,Small Business,Lahore,2023-05-24,Referral
C01331,Consumer,Lahore,2024-08-04,Paid Search
C01332,Small Business,Islamabad,2025-01-04,Referral
C01333,Consumer,Peshawar,2025-10-28,Affiliate
C01334,Consumer,Faisalabad,2023-03-21,Organic Search
C01335,Consumer,Karachi,2024-04-29,Email
C01336,Small Business,Islamabad,2024-12-27,Affiliate
C01337,Consumer,Faisalabad,2025-01-15,Email
C01338,Consumer,Karachi,2025-07-26,Organic Search
C01339,Consumer,Karachi,2025-05-28,Email
C01340,Consumer,Karachi,2024-12-01,Affiliate
C01341,Small Business,Multan,2025-07-10,Referral
C01342,Consumer,Gujranwala,2023-01-18,Social Media
C01343,Consumer,Peshawar,2025-01-09,Organic Search
C01344,Consumer,Karachi,2025-11-29,Social Media
C01345,Small Business,Karachi,2024-10-01,Referral
C01346,Consumer,Lahore,2023-10-01,Social Media
C01347,Home Office,Peshawar,2022-07-08,Paid Search
C01348,Home Office,Multan,2024-06-17,Social Media
C01349,Small Business,Lahore,2025-12-04,Referral
C01350,Small Business,Lahore,2022-08-21,Referral
C01351,Consumer,Gujranwala,2023-10-01,Referral
C01352,Home Office,Faisalabad,2022-08-08,Social Media
C01353,Consumer,Karachi,2022-10-07,Paid Search
C01354,Consumer,Peshawar,2024-10-10,Email
C01355,Consumer,Rawalpindi,2024-12-15,Organic Search
C01356,Home Office,Islamabad,2022-12-24,Referral
C01357,Home Office,Karachi,2025-07-02,Affiliate
C01358,Consumer,Karachi,2024-08-08,Paid Search
C01359,Consumer,Lahore,2023-04-06,Affiliate
C01360,Consumer,Karachi,2023-09-15,Email
C01361,Home Office,Faisalabad,2022-06-19,Organic Search
C01362,Consumer,Rawalpindi,2023-12-20,Organic Search
C01363,Consumer,Lahore,2024-11-23,Referral
C01364,Home Office,Multan,2025-03-20,Organic Search
C01365,Consumer,Karachi,2025-04-27,Organic Search
C01366,Small Business,Islamabad,2024-09-11,Email
C01367,Consumer,Rawalpindi,2024-03-30,Email
C01368,Home Office,Lahore,2023-09-16,Referral
C01369,Home Office,Multan,2024-09-24,Organic Search
C01370,Home Office,Karachi,2024-08-21,Social Media
C01371,Home Office,Islamabad,2024-12-07,Referral
C01372,Consumer,Multan,2023-08-18,Paid Search
C01373,Small Business,Islamabad,2025-10-02,Organic Search
C01374,Home Office,Karachi,2023-07-19,Paid Search
C01375,Consumer,Karachi,2025-04-03,Paid Search
C01376,Consumer,Gujranwala,2024-06-20,Referral
C01377,Home Office,Islamabad,2023-05-27,Social Media
C01378,Small Business,Lahore,2025-04-21,Organic Search
C01379,Consumer,Lahore,2023-09-05,Organic Search
C01380,Consumer,Lahore,2022-08-16,Referral
C01381,Consumer,Karachi,2024-09-08,Affiliate
C01382,Home Office,Peshawar,2025-01-16,Paid Search
C01383,Home Office,Islamabad,2023-11-28,Referral
C01384,Consumer,Peshawar,2023-12-06,Social Media
C01385,Consumer,Rawalpindi,2024-08-18,Email
C01386,Consumer,Islamabad,2025-05-10,Referral
C01387,Consumer,Karachi,2025-09-05,Organic Search
C01388,Consumer,Lahore,2024-12-13,Organic Search
C01389,Consumer,Lahore,2022-09-24,Social Media
C01390,Consumer,Islamabad,2024-03-09,Email
C01391,Consumer,Lahore,2023-06-26,Social Media
C01392,Consumer,Islamabad,2025-06-24,Paid Search
C01393,Small Business,Karachi,2024-02-10,Organic Search
C01394,Consumer,Lahore,2023-06-19,Referral
C01395,Consumer,,2024-10-19,Paid Search
C01396,Small Business,Peshawar,2024-09-05,Affiliate
C01397,Consumer,Karachi,2023-02-10,Referral
C01398,Home Office,Faisalabad,2023-09-18,Organic Search
C01399,Home Office,Peshawar,2022-08-05,Organic Search
C01400,Small Business,Karachi,2023-02-05,Affiliate
C01401,Consumer,Islamabad,2025-09-22,Referral
C01402,Consumer,Lahore,2024-10-14,Organic Search
C01403,Consumer,Karachi,2025-03-05,Social Media
C01404,Consumer,Multan,2022-11-23,Organic Search
C01405,Consumer,Karachi,2025-04-01,Affiliate
C01406,Home Office,Karachi,2023-03-10,Paid Search
C01407,Consumer,Multan,2025-03-08,Social Media
C01408,Consumer,Karachi,2022-07-20,Paid Search
C01409,Consumer,Karachi,2025-05-25,Social Media
C01410,Home Office,Karachi,2023-09-10,Organic Search
C01411,Consumer,Faisalabad,2023-06-02,Affiliate
C01412,Small Business,Multan,2023-01-01,Paid Search
C01413,Home Office,Gujranwala,2023-03-12,Paid Search
C01414,Home Office,Karachi,2023-12-12,Organic Search
C01415,Consumer,Lahore,2025-03-01,Social Media
C01416,Small Business,Lahore,2024-05-26,Social Media
C01417,Consumer,Lahore,2023-11-11,Organic Search
C01418,Consumer,Faisalabad,2025-10-06,Paid Search
C01419,Small Business,Karachi,2023-06-25,Referral
C01420,Consumer,Islamabad,2023-12-13,Affiliate
C01421,Consumer,Islamabad,2025-02-26,Organic Search
C01422,Small Business,Gujranwala,2025-03-29,Social Media
C01423,Consumer,Karachi,2022-06-10,Social Media
C01424,Consumer,Lahore,2024-03-18,Referral
C01425,Consumer,Lahore,2024-06-12,Organic Search
C01426,Home Office,Islamabad,2024-10-05,Email
C01427,Consumer,Rawalpindi,2023-01-13,Paid Search
C01428,Consumer,Lahore,2025-02-06,Organic Search
C01429,Consumer,Islamabad,2024-02-17,Email
C01430,Consumer,Lahore,2025-09-11,Paid Search
C01431,Consumer,Islamabad,2023-01-08,Paid Search
C01432,Consumer,Islamabad,2023-11-17,Affiliate
C01433,Consumer,Karachi,2022-11-26,Paid Search
C01434,Consumer,Karachi,2023-05-19,Paid Search
C01435,Consumer,Karachi,2025-12-06,Organic Search
C01436,Home Office,Rawalpindi,2024-11-27,Social Media
C01437,Home Office,Multan,2025-06-03,Paid Search
C01438,Consumer,Lahore,2025-08-30,Paid Search
C01439,Consumer,Rawalpindi,2023-09-14,Email
C01440,Home Office,Lahore,2023-08-12,Organic Search
C01441,Consumer,Lahore,2023-05-21,Affiliate
C01442,Consumer,Islamabad,2022-10-31,Organic Search
C01443,Consumer,Peshawar,2024-10-11,Paid Search
C01444,Consumer,Peshawar,2025-05-08,Paid Search
C01445,Home Office,Gujranwala,2023-07-31,Affiliate
C01446,Home Office,Karachi,2022-08-06,Referral
C01447,Consumer,Karachi,2025-03-12,Paid Search
C01448,Consumer,Karachi,2024-12-18,Organic Search
C01449,Home Office,Peshawar,2024-06-17,Social Media
C01450,Consumer,Multan,2022-11-01,Email
C01451,Home Office,Peshawar,2022-07-31,Paid Search
C01452,Home Office,Islamabad,2023-07-11,Social Media
C01453,Home Office,Lahore,2024-02-13,Paid Search
C01454,Consumer,Rawalpindi,2023-08-14,Organic Search
C01455,Consumer,Multan,2024-04-09,Affiliate
C01456,Home Office,Karachi,2022-11-01,Email
C01457,Consumer,Faisalabad,2025-04-09,Email
C01458,Consumer,Karachi,2023-11-01,Organic Search
C01459,Home Office,Faisalabad,2025-09-20,Paid Search
C01460,Home Office,Faisalabad,2023-10-15,Organic Search
C01461,Consumer,Gujranwala,2025-04-22,Paid Search
C01462,Small Business,Rawalpindi,2022-11-25,Organic Search
C01463,Consumer,Peshawar,2025-05-13,Affiliate
C01464,Consumer,Faisalabad,2024-12-08,Organic Search
C01465,Consumer,Islamabad,2025-09-02,Referral
C01466,Consumer,Rawalpindi,2023-11-07,Paid Search
C01467,Consumer,Karachi,2025-06-12,Referral
C01468,Consumer,Faisalabad,2023-04-26,Organic Search
C01469,Consumer,Islamabad,2025-08-05,Paid search 
C01470,Consumer,Islamabad,2024-05-26,Social Media
C01471,Consumer,Lahore,2023-08-10,Paid Search
C01472,Consumer,Karachi,2025-01-01,Social Media
C01473,Home Office,Lahore,2024-05-13,Affiliate
C01474,Consumer,Multan,2023-09-26,Paid Search
C01475,Consumer,Karachi,2025-11-17,Paid Search
C01476,Consumer,Islamabad,2025-05-13,Email
C01477,Consumer,Karachi,2023-04-07,Email
C01478,Small Business,Karachi,2023-09-01,Affiliate
C01479,Home Office,Rawalpindi,2023-08-23,Organic Search
C01480,Consumer,Lahore,2023-04-11,Organic Search
C01481,Small Business,Multan,2025-05-30,Email
C01482,Consumer,Karachi,2023-08-20,Paid Search
C01483,Consumer,Lahore,2023-03-07,Organic Search
C01484,Small Business,Lahore,2025-01-19,Social Media
C01485,Consumer,Gujranwala,2024-07-31,Organic Search
C01486,Home Office,Islamabad,2022-06-13,Email
C01487,Small Business,Karachi,2024-04-15,Organic Search
C01488,Consumer,Faisalabad,2024-02-05,Organic Search
C01489,Consumer,Rawalpindi,2024-10-10,Organic Search
C01490,Consumer,Karachi,2025-07-25,Paid Search
C01491,Consumer,Lahore,2023-03-31,Social Media
C01492,Consumer,Lahore,2025-01-04,Organic Search
C01493,Consumer,Lahore,2024-09-03,Email
C01494,Consumer,Lahore,2022-12-09,Affiliate
C01495,Small Business,Islamabad,2022-06-18,Social Media
C01496,Consumer,Lahore,2022-08-14,Social Media
C01497,Consumer,Lahore,2024-02-04,Organic Search
C01498,Small Business,Lahore,2023-02-27,Organic Search
C01499,Consumer,Rawalpindi,2024-04-09,Paid Search
C01500,Consumer,Islamabad,2025-08-01,Email
C01501,Consumer,Karachi,2022-07-07,Organic Search
C01502,Consumer,Islamabad,2023-10-20,Affiliate
C01503,Consumer,Islamabad,2025-12-07,Social Media
C01504,Small Business,Karachi,2023-12-14,Organic Search
C01505,Consumer,Karachi,2025-09-18,Referral
C01506,Small Business,Peshawar,2025-04-21,Referral
C01507,Small Business,Islamabad,2025-06-10,Affiliate
C01508,Consumer,Karachi,2024-02-12,Paid Search
C01509,Home Office,Karachi,2024-07-02,social media
C01510,Home Office,Islamabad,2023-06-30,Referral
C01511,Consumer,Lahore,2022-06-16,Organic Search
C01512,Consumer,Islamabad,2025-02-17,Social Media
C01513,Consumer,Karachi,2024-12-30,Paid Search
C01514,Consumer,Karachi,2025-02-11,Affiliate
C01515,Small Business,Rawalpindi,2023-02-13,Organic Search
C01516,Home Office,Gujranwala,2024-01-13,Referral
C01517,Home Office,Rawalpindi,2022-09-03,Organic Search
C01518,Consumer,Karachi,2023-09-02,Referral
C01519,Consumer,Karachi,2025-04-11,Paid Search
C01520,Small Business,Gujranwala,2023-02-16,Social Media
C01521,Small Business,Rawalpindi,2023-04-20,Organic Search
C01522,Small Business,Faisalabad,2025-08-18,Paid Search
C01523,Consumer,Lahore,2022-11-28,Paid Search
C01524,Consumer,Peshawar,2024-03-27,Paid Search
C01525,Small Business,Karachi,2024-06-13,Paid Search
C01526,Home Office,Faisalabad,2022-10-31,Paid Search
C01527,Small Business,Faisalabad,2025-09-24,Email
C01528,Consumer,Islamabad,2024-08-21,Organic Search
C01529,Consumer,Lahore,2023-06-18,Email
C01530,Consumer,Islamabad,2025-11-18,Organic Search
C01531,Consumer,Faisalabad,2025-12-08,Paid Search
C01532,Consumer,Rawalpindi,2023-11-24,Referral
C01533,Consumer,Lahore,2025-10-16,Paid Search
C01534,Consumer,Faisalabad,2023-01-15,Social Media
C01535,Small Business,Lahore,2023-01-07,Email
C01536,Consumer,Peshawar,2022-07-03,Social Media
C01537,Home Office,Lahore,2023-02-06,Referral
C01538,Consumer,Multan,2025-03-18,Paid Search
C01539,Consumer,Karachi,2023-10-14,Email
C01540,Consumer,Gujranwala,2023-10-29,Social Media
C01541,Home Office,Karachi,2022-06-04,Affiliate
C01542,Consumer,Karachi,2023-07-12,Paid Search
C01543,Consumer,Lahore,2024-01-26,Email
C01544,Home Office,,2023-04-13,Paid Search
C01545,Home Office,Peshawar,2023-05-14,Email
C01546,Small Business,Karachi,2024-03-24,Email
C01547,Consumer,Karachi,2022-06-14,Social Media
C01548,Consumer,Karachi,2024-12-11,Paid Search
C01549,Small Business,Peshawar,2023-07-19,Email
C01550,Small Business,Lahore,2022-08-01,Social Media
C01551,Home Office,Lahore,2023-09-07,Organic Search
C01552,Consumer,,2025-03-09,Affiliate
C01553,Consumer,Lahore,2023-03-11,Affiliate
C01554,Consumer,Lahore,2022-08-16,Affiliate
C01555,Small Business,Lahore,2024-09-01,Affiliate
C01556,Small Business,Lahore,2025-10-14,Affiliate
C01557,Consumer,Faisalabad,2023-03-11,Organic Search
C01558,Consumer,Islamabad,2025-05-03,Organic Search
C01559,Small Business,Gujranwala,2022-12-31,Referral
C01560,Consumer,Karachi,2024-12-25,Affiliate
C01561,Consumer,Karachi,2022-06-06,Organic Search
C01562,Consumer,Karachi,2024-04-04,Organic Search
C01563,Home Office,Lahore,2023-12-09,Organic Search
C01564,Home Office,Lahore,2024-06-08,Email
C01565,Consumer,Peshawar,2025-03-02,Paid search 
C01566,Consumer,Multan,2022-08-30,Email
C01567,Consumer,Peshawar,2023-06-01,Paid Search
C01568,Home Office,Karachi,2024-01-26,Organic Search
C01569,Consumer,Rawalpindi,2022-08-06,Affiliate
C01570,Consumer,Lahore,2025-01-15,Affiliate
C01571,Consumer,Multan,2023-07-02,Referral
C01572,Small Business,Lahore,2024-09-04,Email
C01573,Consumer,Karachi,2025-03-12,Referral
C01574,Consumer,Islamabad,2024-09-06,Email
C01575,Home Office,Karachi,2022-12-12,Paid Search
C01576,Consumer,Lahore,2023-01-01,Affiliate
C01577,Home Office,Lahore,2023-02-13,Organic Search
C01578,Consumer,Karachi,2025-04-09,Affiliate
C01579,Home Office,Karachi,2025-01-16,Organic Search
C01580,Home Office,Multan,2024-07-16,Affiliate
C01581,Small Business,Karachi,2024-08-12,Social Media
C01582,Consumer,Lahore,2023-02-05,Affiliate
C01583,Consumer,Islamabad,2022-06-01,Social Media
C01584,Small Business,Peshawar,2024-07-11,Affiliate
C01585,Consumer,Karachi,2023-09-06,Paid Search
C01586,Home Office,Lahore,2024-06-28,Email
C01587,Home Office,Peshawar,2023-03-20,Social Media
C01588,Consumer,Karachi,2025-12-14,Affiliate
C01589,Consumer,Lahore,2023-12-04,Email
C01590,Small Business,Peshawar,2023-01-17,Email
C01591,Consumer,Peshawar,2025-02-18,Paid Search
C01592,Consumer,Karachi,2024-03-25,Affiliate
C01593,Consumer,Multan,2023-09-12,Social Media
C01594,Small Business,Karachi,2025-05-22,Social Media
C01595,Consumer,Peshawar,2022-12-11,Organic Search
C01596,Consumer,Islamabad,2023-05-11,Social Media
C01597,Consumer,Gujranwala,2024-12-27,Email
C01598,Small Business,Karachi,2023-02-19,Email
C01599,Consumer,Lahore,2025-03-22,Social Media
C01600,Home Office,Karachi,2022-12-28,Organic Search
C01601,Consumer,Lahore,2023-11-27,Social Media
C01602,Consumer,Lahore,2022-12-05,Paid Search
C01603,Consumer,Rawalpindi,2022-07-27,Social Media
C01604,Consumer,Karachi,2023-11-08,Organic Search
C01605,Consumer,Lahore,2025-08-22,Organic Search
C01606,Consumer,Karachi,2025-03-13,Email
C01607,Consumer,Peshawar,2023-01-21,Paid Search
C01608,Home Office,Karachi,2025-06-07,Organic Search
C01609,Home Office,Karachi,2024-03-04,Affiliate
C01610,Small Business,Lahore,2025-11-12,Email
C01611,Consumer,Lahore,2023-01-13,Paid Search
C01612,Consumer,Karachi,2025-08-04,Organic Search
C01613,Consumer,Lahore,2024-12-16,social media
C01614,Consumer,Karachi,2025-04-01,Referral
C01615,Home Office,Faisalabad,2023-06-05,Affiliate
C01616,Small Business,Karachi,2025-02-09,Referral
C01617,Consumer,Lahore,2023-06-14,Paid Search
C01618,Consumer,Lahore,2024-01-15,Organic Search
C01619,Consumer,Lahore,2024-12-06,Paid Search
C01620,Consumer,Islamabad,2025-09-01,Organic Search
C01621,Home Office,Lahore,2025-03-19,Affiliate
C01622,Consumer,Lahore,2025-06-13,Organic Search
C01623,Home Office,Gujranwala,2025-03-11,Social Media
C01624,Home Office,Lahore,2024-12-01,Organic Search
C01625,Consumer,Multan,2023-09-06,Referral
C01626,Home Office,Rawalpindi,2025-05-03,Organic Search
C01627,Home Office,Lahore,2024-05-03,Organic Search
C01628,Home Office,Lahore,2023-03-24,Affiliate
C01629,Consumer,Karachi,2024-01-13,Paid Search
C01630,Consumer,Lahore,2023-01-15,Organic Search
C01631,Consumer,Islamabad,2025-01-07,Referral
C01632,Home Office,Lahore,2022-11-20,Social Media
C01633,Consumer,Peshawar,2025-08-15,Organic Search
C01634,Consumer,Rawalpindi,2025-03-15,Organic Search
C01635,Home Office,Lahore,2024-03-14,Paid Search
C01636,Consumer,Lahore,2024-11-15,Paid Search
C01637,Home Office,Karachi,2022-07-09,Referral
C01638,Consumer,Rawalpindi,2023-04-30,Organic Search
C01639,Small Business,Gujranwala,2023-07-04,Social Media
C01640,Consumer,Islamabad,2023-09-09,Social Media
C01641,Home Office,Faisalabad,2022-07-12,Email
C01642,Consumer,Lahore,2025-12-19,Paid Search
C01643,Home Office,Multan,2024-04-01,Referral
C01644,Consumer,Karachi,2023-07-24,Affiliate
C01645,Consumer,Gujranwala,2025-03-24,Organic Search
C01646,Consumer,Rawalpindi,2022-06-21,Paid Search
C01647,Consumer,Islamabad,2023-02-11,Organic Search
C01648,Consumer,Islamabad,2024-08-09,Organic Search
C01649,Consumer,Faisalabad,2025-03-10,Affiliate
C01650,Consumer,Islamabad,2025-03-26,Email
C01651,Consumer,Karachi,2023-08-19,Social Media
C01652,Consumer,Lahore,2025-08-03,Social Media
C01653,Small Business,Rawalpindi,2023-06-25,Paid search 
C01654,Consumer,Rawalpindi,2025-07-13,Organic Search
C01655,Consumer,Lahore,2022-12-21,Referral
C01656,Consumer,Lahore,2024-08-24,Paid Search
C01657,Consumer,Rawalpindi,2025-08-15,Paid Search
C01658,Consumer,Gujranwala,2024-03-09,Organic Search
C01659,Home Office,Peshawar,2023-02-03,Paid Search
C01660,Small Business,Multan,2023-10-07,Paid Search
C01661,Home Office,Faisalabad,2023-12-19,Email
C01662,Consumer,Multan,2022-07-17,Referral
C01663,Home Office,Faisalabad,2023-08-08,Social Media
C01664,Consumer,Lahore,2022-08-06,Organic Search
C01665,Home Office,Lahore,2023-06-08,Social Media
C01666,Consumer,Islamabad,2025-06-20,Paid Search
C01667,Consumer,Lahore,2023-08-01,Social Media
C01668,Consumer,Lahore,2023-12-11,Referral
C01669,Consumer,Multan,2023-01-07,Email
C01670,Consumer,Gujranwala,2023-05-09,Affiliate
C01671,Consumer,Faisalabad,2025-08-04,Organic Search
C01672,Small Business,Islamabad,2023-05-05,Organic Search
C01673,Consumer,Lahore,2025-05-16,Social Media
C01674,Consumer,Rawalpindi,2024-11-27,Paid Search
C01675,Consumer,Karachi,2023-07-08,Email
C01676,Small Business,Karachi,2023-11-23,Paid Search
C01677,Small Business,Gujranwala,2022-12-18,Social Media
C01678,Consumer,Islamabad,2022-11-13,Social Media
C01679,Consumer,Peshawar,2023-08-03,Social Media
C01680,Small Business,Lahore,2024-11-17,Organic Search
C01681,Home Office,Lahore,2024-07-18,Email
C01682,Consumer,Karachi,2023-12-17,Organic Search
C01683,Consumer,Lahore,2023-01-12,Affiliate
C01684,Home Office,Peshawar,2022-09-27,Social Media
C01685,Home Office,Multan,2024-10-07,Referral
C01686,Consumer,Gujranwala,2022-10-10,Organic Search
C01687,Consumer,Rawalpindi,2024-06-14,Referral
C01688,Consumer,Faisalabad,2023-08-20,Social Media
C01689,Consumer,Karachi,2022-09-21,Email
C01690,Small Business,Karachi,2023-04-22,Affiliate
C01691,Small Business,Karachi,2023-04-28,Affiliate
C01692,Consumer,Lahore,2023-01-04,Social Media
C01693,Consumer,Karachi,2023-08-24,Social Media
C01694,Small Business,Rawalpindi,2024-05-31,Social Media
C01695,Consumer,Lahore,2025-09-08,Social Media
C01696,Consumer,Faisalabad,2022-09-14,Organic Search
C01697,Consumer,Lahore,2023-07-27,Social Media
C01698,Consumer,Gujranwala,2024-11-10,Organic Search
C01699,Home Office,,2025-03-18,Organic Search
C01700,Home Office,Faisalabad,2023-01-25,Organic Search
C01701,Consumer,Karachi,2024-07-15,Referral
C01702,Consumer,Faisalabad,2023-10-02,Organic Search
C01703,Consumer,Islamabad,2025-03-15,Affiliate
C01704,Consumer,Faisalabad,2023-03-14,Social Media
C01705,Consumer,Karachi,2023-08-12,Social Media
C01706,Consumer,Faisalabad,2024-05-02,Organic Search
C01707,Consumer,Rawalpindi,2024-09-21,Paid Search
C01708,Small Business,Karachi,2023-09-18,Organic Search
C01709,Home Office,Gujranwala,2025-11-09,Organic Search
C01710,Consumer,Gujranwala,2025-05-27,Organic Search
C01711,Consumer,Karachi,2025-12-18,Referral
C01712,Small Business,,2025-10-22,Email
C01713,Consumer,Rawalpindi,2024-10-08,Organic Search
C01714,Consumer,Islamabad,2025-06-16,Organic Search
C01715,Consumer,Multan,2024-07-08,Social Media
C01716,Home Office,Karachi,2024-08-04,Referral
C01717,Consumer,Rawalpindi,2025-06-03,Social Media
C01718,Consumer,Karachi,2024-12-28,Paid Search
C01719,Consumer,Gujranwala,2023-10-19,Email
C01720,Consumer,Rawalpindi,2023-06-30,Social Media
C01721,Consumer,Peshawar,2024-01-22,Email
C01722,Consumer,Gujranwala,2024-04-16,Social Media
C01723,Small Business,Peshawar,2023-03-03,Social Media
C01724,Home Office,Karachi,2023-03-12,Email
C01725,Home Office,Rawalpindi,2022-10-18,Affiliate
C01726,Consumer,Multan,2023-12-07,Social Media
C01727,Consumer,Lahore,2024-04-28,Referral
C01728,Small Business,Rawalpindi,2025-04-04,Paid Search
C01729,Consumer,Peshawar,2022-07-10,Organic Search
C01730,Consumer,Karachi,2023-03-08,social media
C01731,Consumer,Peshawar,2025-04-08,Organic Search
C01732,Consumer,Karachi,2022-11-16,Affiliate
C01733,Consumer,Islamabad,2025-10-27,Referral
C01734,Home Office,Gujranwala,2025-10-21,Social Media
C01735,Small Business,Karachi,2023-05-15,Paid Search
C01736,Small Business,Gujranwala,2025-05-07,Email
C01737,Consumer,Karachi,2023-12-10,Affiliate
C01738,Consumer,Karachi,2025-04-07,Paid Search
C01739,Small Business,Islamabad,2025-05-01,Social Media
C01740,Consumer,Islamabad,2023-05-18,Organic Search
C01741,Small Business,Rawalpindi,2024-05-17,Organic Search
C01742,Consumer,Lahore,2023-04-09,Organic Search
C01743,Home Office,Lahore,2024-09-21,Affiliate
C01744,Consumer,Lahore,2023-10-24,Organic Search
C01745,Consumer,Karachi,2024-05-21,Email
C01746,Consumer,Faisalabad,2024-06-09,Organic Search
C01747,Consumer,Peshawar,2025-03-30,Paid Search
C01748,Small Business,Multan,2023-11-13,Referral
C01749,Consumer,Lahore,2025-04-08,Affiliate
C01750,Consumer,Karachi,2024-01-18,Email
C01751,Consumer,Rawalpindi,2022-07-11,Referral
C01752,Small Business,Islamabad,2025-06-16,Paid Search
C01753,Home Office,Faisalabad,2025-01-05,Email
C01754,Consumer,Karachi,2023-06-30,Referral
C01755,Home Office,Karachi,2025-06-09,Social Media
C01756,Consumer,Lahore,2025-05-31,Social Media
C01757,Home Office,Gujranwala,2024-07-14,Social Media
C01758,Consumer,Peshawar,2025-05-21,Referral
C01759,Consumer,Karachi,2024-04-25,Email
C01760,Home Office,Lahore,2023-01-06,Referral
C01761,Consumer,Islamabad,2025-02-27,Paid Search
C01762,Consumer,Karachi,2022-08-12,Email
C01763,Small Business,Karachi,2024-07-09,Organic Search
C01764,Consumer,Faisalabad,2025-12-11,Organic Search
C01765,Consumer,Gujranwala,2024-02-21,Organic Search
C01766,Home Office,Karachi,2023-01-21,Social Media
C01767,Consumer,Faisalabad,2025-11-26,Social Media
C01768,Consumer,Karachi,2024-09-02,Paid Search
C01769,Small Business,Lahore,2024-07-09,Email
C01770,Small Business,Karachi,2025-11-17,Social Media
C01771,Small Business,Faisalabad,2025-10-01,Social Media
C01772,Consumer,Karachi,2023-09-14,Organic Search
C01773,Consumer,Faisalabad,2024-08-09,Organic Search
C01774,Home Office,Gujranwala,2023-11-25,Social Media
C01775,Consumer,Rawalpindi,2023-10-05,Email
C01776,Consumer,Karachi,2024-06-13,Organic Search
C01777,Consumer,Rawalpindi,2022-09-19,Paid Search
C01778,Consumer,Karachi,2023-05-05,Email
C01779,Home Office,Multan,2023-10-16,Paid Search
C01780,Home Office,Peshawar,2023-04-26,Social Media
C01781,Home Office,Karachi,2022-09-11,Email
C01782,Consumer,Lahore,2024-09-06,Paid Search
C01783,Consumer,Lahore,2022-06-07,Social Media
C01784,Consumer,Islamabad,2023-05-26,Social Media
C01785,Consumer,Lahore,2025-11-03,Social Media
C01786,Home Office,Islamabad,2024-04-08,Affiliate
C01787,Consumer,Lahore,2024-11-02,Paid Search
C01788,Consumer,Lahore,2025-01-29,Email
C01789,Consumer,Peshawar,2023-06-05,Organic Search
C01790,Consumer,Karachi,2023-05-26,Social Media
C01791,Home Office,Peshawar,2022-07-13,Affiliate
C01792,Consumer,Peshawar,2025-06-04,Affiliate
C01793,Home Office,Faisalabad,2024-04-01,Affiliate
C01794,Consumer,Islamabad,2025-08-20,Paid Search
C01795,Consumer,Islamabad,2025-09-25,Email
C01796,Consumer,Lahore,2023-07-06,Organic Search
C01797,Small Business,Lahore,2024-02-28,Affiliate
C01798,Home Office,Rawalpindi,2025-12-04,Organic Search
C01799,Consumer,Rawalpindi,2024-11-26,Paid Search
C01800,Small Business,Faisalabad,2022-12-23,Affiliate
C01801,Consumer,Islamabad,2022-07-27,Social Media
C01802,Consumer,Peshawar,2025-10-25,Paid Search
C01803,Consumer,Lahore,2024-09-26,Paid Search
C01804,Consumer,Karachi,2023-08-19,Paid Search
C01805,Home Office,Lahore,2024-06-15,Affiliate
C01806,Consumer,Karachi,2023-07-29,Email
C01807,Consumer,Lahore,2022-08-19,Affiliate
C01808,Home Office,Islamabad,2023-11-29,Paid Search
C01809,Consumer,Karachi,2022-07-04,Email
C01810,Small Business,Gujranwala,2023-06-12,Paid Search
C01811,Home Office,Karachi,2025-01-08,Affiliate
C01812,Consumer,Lahore,2024-12-19,Social Media
C01813,Consumer,Faisalabad,2024-09-01,Social Media
C01814,Consumer,Karachi,2025-03-04,Organic Search
C01815,Consumer,Rawalpindi,2023-01-29,Social Media
C01816,Consumer,Islamabad,2023-01-16,Email
C01817,Home Office,Gujranwala,2023-09-09,Paid Search
C01818,Small Business,Rawalpindi,2022-09-07,Affiliate
C01819,Consumer,Rawalpindi,2023-10-29,Email
C01820,Consumer,Islamabad,2022-10-25,Referral
C01821,Consumer,Islamabad,2025-07-07,Organic Search
C01822,Consumer,Gujranwala,2023-07-09,Social Media
C01823,Small Business,Peshawar,2022-11-10,Organic Search
C01824,Consumer,Karachi,2022-10-18,Affiliate
C01825,Consumer,Multan,2024-03-27,Paid Search
C01826,Home Office,Gujranwala,2022-10-06,Organic Search
C01827,Consumer,Multan,2024-04-02,Referral
C01828,Small Business,Karachi,2025-07-31,Social Media
C01829,Small Business,Karachi,2023-12-02,Social Media
C01830,Consumer,Faisalabad,2025-09-28,Affiliate
C01831,Home Office,Faisalabad,2022-08-27,Social Media
C01832,Home Office,Multan,2022-10-02,Paid Search
C01833,Home Office,Karachi,2024-05-03,Email
C01834,Consumer,Lahore,2024-08-11,Email
C01835,Consumer,,2025-01-18,Organic Search
C01836,Consumer,Islamabad,2024-03-02,Paid Search
C01837,Home Office,Islamabad,2024-03-23,Paid Search
C01838,Home Office,Lahore,2025-10-23,Referral
C01839,Consumer,Karachi,2025-05-04,Paid Search
C01840,Consumer,Lahore,2024-04-13,Affiliate
C01841,Consumer,Karachi,2025-04-30,Affiliate
C01842,Home Office,Karachi,2022-07-19,Paid Search
C01843,Consumer,Lahore,2025-01-14,Referral
C01844,Small Business,Multan,2022-08-15,Paid Search
C01845,Consumer,Karachi,2023-02-23,Paid Search
C01846,Small Business,Lahore,2023-08-27,Social Media
C01847,Small Business,Karachi,2023-07-23,Paid Search
C01848,Home Office,Islamabad,2022-06-27,Social Media
C01849,Small Business,Lahore,2022-10-04,Social Media
C01850,Small Business,Karachi,2024-12-27,Organic Search
C01851,Small Business,Gujranwala,2025-10-03,Organic Search
C01852,Small Business,Faisalabad,2025-12-19,Paid Search
C01853,Consumer,Karachi,2022-06-07,Paid Search
C01854,Small Business,Gujranwala,2023-09-15,Social Media
C01855,Home Office,Karachi,2025-06-09,Referral
C01856,Consumer,Rawalpindi,2022-11-11,Social Media
C01857,Consumer,Rawalpindi,2025-03-08,Paid Search
C01858,Consumer,Karachi,2025-06-27,Organic Search
C01859,Small Business,Karachi,2022-08-14,Social Media
C01860,Consumer,Islamabad,2022-12-01,Paid Search
C01861,Consumer,Karachi,2024-09-23,Social Media
C01862,Consumer,Islamabad,2025-03-24,Email
C01863,Home Office,Karachi,2024-09-27,Paid Search
C01864,Consumer,Rawalpindi,2024-06-04,Social Media
C01865,Consumer,Faisalabad,2024-01-27,Paid Search
C01866,Small Business,Gujranwala,2025-08-15,Organic Search
C01867,Consumer,Lahore,2025-06-30,Referral
C01868,Consumer,Peshawar,2024-07-10,Organic Search
C01869,Consumer,Faisalabad,2025-08-10,Social Media
C01870,Consumer,Rawalpindi,2022-09-10,Referral
C01871,Consumer,Gujranwala,2025-10-17,Paid Search
C01872,Consumer,Islamabad,2024-07-31,Affiliate
C01873,Consumer,Faisalabad,2023-08-01,Paid Search
C01874,Small Business,Karachi,2025-07-10,Paid Search
C01875,Consumer,Karachi,2024-08-14,Email
C01876,Home Office,Rawalpindi,2023-09-12,Organic Search
C01877,Consumer,Faisalabad,2023-04-04,Organic Search
C01878,Consumer,Gujranwala,2025-01-06,Social Media
C01879,Small Business,Lahore,2023-03-03,Paid Search
C01880,Consumer,Rawalpindi,2023-09-01,Social Media
C01881,Consumer,Faisalabad,2024-11-01,Social Media
C01882,Consumer,Rawalpindi,2022-07-13,Social Media
C01883,Small Business,Islamabad,2025-05-02,Paid Search
C01884,Small Business,Rawalpindi,2024-09-15,Social Media
C01885,Consumer,Karachi,2024-02-10,Affiliate
C01886,Small Business,Islamabad,2023-02-10,Affiliate
C01887,Home Office,Karachi,2023-09-14,Email
C01888,Consumer,Multan,2022-12-27,Social Media
C01889,Consumer,Rawalpindi,2024-11-05,Paid Search
C01890,Home Office,Lahore,2024-08-07,Paid Search
C01891,Consumer,Lahore,2024-01-06,Organic Search
C01892,Small Business,Lahore,2023-07-19,Paid Search
C01893,Home Office,Lahore,2023-10-10,Organic Search
C01894,Home Office,Rawalpindi,2024-09-10,Organic Search
C01895,Consumer,Multan,2022-09-05,Social Media
C01896,Home Office,Islamabad,2022-09-10,Referral
C01897,Consumer,Rawalpindi,2022-08-06,Organic Search
C01898,Consumer,Lahore,2023-07-30,Social Media
C01899,Consumer,Gujranwala,2025-03-16,Referral
C01900,Consumer,Lahore,2025-08-20,Referral
C01901,Consumer,Karachi,2023-05-13,Social Media
C01902,Consumer,Karachi,2025-04-25,Affiliate
C01903,Home Office,Lahore,2024-12-14,Paid Search
C01904,Small Business,Multan,2023-04-15,Email
C01905,Home Office,Faisalabad,2023-08-01,Organic Search
C01906,Consumer,Karachi,2025-11-08,Social Media
C01907,Consumer,Lahore,2023-06-04,Paid Search
C01908,Consumer,Karachi,2022-09-29,Paid Search
C01909,Consumer,Multan,2025-06-21,Social Media
C01910,Consumer,Karachi,2025-05-28,Affiliate
C01911,Small Business,Rawalpindi,2024-12-04,Email
C01912,Consumer,Peshawar,2024-03-06,Organic Search
C01913,Consumer,Lahore,2024-03-28,Referral
C01914,Home Office,Lahore,2022-06-21,Email
C01915,Consumer,Karachi,2025-03-09,Organic Search
C01916,Home Office,Islamabad,2024-08-15,Email
C01917,Consumer,Lahore,2023-12-26,Paid Search
C01918,Home Office,Rawalpindi,2024-02-08,Paid Search
C01919,Consumer,Rawalpindi,2024-08-22,Referral
C01920,Consumer,Islamabad,2024-07-12,Paid Search
C01921,Consumer,Islamabad,2025-06-23,Affiliate
C01922,Consumer,Rawalpindi,2023-02-12,Paid search 
C01923,Small Business,Faisalabad,2025-01-07,Affiliate
C01924,Home Office,Karachi,2023-03-27,Social Media
C01925,Consumer,Islamabad,2023-09-17,Affiliate
C01926,Consumer,Lahore,2023-01-07,Referral
C01927,Small Business,Faisalabad,2025-08-18,Email
C01928,Consumer,Multan,2024-06-15,Email
C01929,Consumer,Lahore,2023-05-21,Paid Search
C01930,Small Business,Islamabad,2025-05-10,Referral
C01931,Home Office,Gujranwala,2025-10-21,Paid Search
C01932,Home Office,Faisalabad,2022-08-18,Social Media
C01933,Small Business,Karachi,2025-12-08,Affiliate
C01934,Consumer,Karachi,2025-12-06,Organic Search
C01935,Consumer,Faisalabad,2024-08-10,Paid Search
C01936,Consumer,Rawalpindi,2025-11-13,Social Media
C01937,Home Office,Karachi,2023-01-04,Organic Search
C01938,Small Business,Multan,2025-06-05,Paid Search
C01939,Home Office,Rawalpindi,2025-08-03,Paid Search
C01940,Consumer,Lahore,2024-12-29,Email
C01941,Consumer,Karachi,2022-06-06,Referral
C01942,Consumer,Lahore,2022-07-07,Organic Search
C01943,Consumer,Faisalabad,2022-12-28,Email
C01944,Consumer,Lahore,2025-11-08,Paid Search
C01945,Consumer,Islamabad,2025-01-10,Social Media
C01946,Small Business,Multan,2024-02-05,Affiliate
C01947,Consumer,Multan,2024-06-11,Email
C01948,Consumer,Rawalpindi,2023-04-24,Referral
C01949,Small Business,Gujranwala,2023-10-10,Affiliate
C01950,Consumer,Islamabad,2022-09-23,Email
C01951,Consumer,Lahore,2023-10-24,Referral
C01952,Consumer,Lahore,2023-09-27,Organic Search
C01953,Consumer,Faisalabad,2023-07-20,Organic Search
C01954,Consumer,Lahore,2023-05-14,Email
C01955,Consumer,Multan,2022-07-17,Referral
C01956,Small Business,Faisalabad,2023-03-09,Social Media
C01957,Small Business,Rawalpindi,2023-10-18,Organic Search
C01958,Home Office,Lahore,2025-02-15,Referral
C01959,Home Office,Islamabad,2024-01-01,Social Media
C01960,Consumer,Peshawar,2025-11-02,Referral
C01961,Consumer,Karachi,2024-01-08,Organic Search
C01962,Consumer,Islamabad,2024-06-01,Referral
C01963,Consumer,Faisalabad,2023-02-28,Email
C01964,Consumer,Lahore,2022-08-23,Organic Search
C01965,Consumer,Rawalpindi,2023-07-15,Paid Search
C01966,Home Office,Rawalpindi,2024-03-01,Paid Search
C01967,Small Business,Rawalpindi,2023-12-31,Organic Search
C01968,Small Business,Multan,2025-01-23,Paid Search
C01969,Consumer,Karachi,2025-02-02,Referral
C01970,Home Office,Peshawar,2022-12-03,Paid Search
C01971,Consumer,Karachi,2024-01-31,Paid Search
C01972,Consumer,Karachi,2024-03-16,Paid Search
C01973,Consumer,Karachi,2025-10-13,Social Media
C01974,Consumer,Karachi,2025-12-09,Organic Search
C01975,Consumer,Karachi,2025-10-25,Social Media
C01976,Consumer,Karachi,2023-07-01,Email
C01977,Consumer,Peshawar,2023-06-13,Email
C01978,Consumer,Lahore,2022-09-11,Social Media
C01979,Home Office,Karachi,2022-10-05,Organic Search
C01980,Small Business,Lahore,2025-05-03,Organic Search
C01981,Consumer,Faisalabad,2025-04-04,Social Media
C01982,Consumer,Lahore,2023-01-01,Social Media
C01983,Home Office,Karachi,2025-03-24,Organic Search
C01984,Consumer,Lahore,2024-05-19,Organic Search
C01985,Home Office,Peshawar,2024-03-12,Organic Search
C01986,Consumer,Islamabad,2023-06-02,Organic Search
C01987,Home Office,Lahore,2023-06-02,Paid Search
C01988,Consumer,Karachi,2022-10-10,Organic Search
C01989,Home Office,Karachi,2022-11-02,Affiliate
C01990,Consumer,Karachi,2023-02-17,Organic Search
C01991,Consumer,Gujranwala,2025-02-10,Social Media
C01992,Home Office,Islamabad,2025-01-02,Social Media
C01993,Small Business,Karachi,2023-04-28,Paid Search
C01994,Consumer,Rawalpindi,2023-12-18,Email
C01995,Home Office,Lahore,2025-03-10,Social Media
C01996,Consumer,Faisalabad,2023-05-31,Paid Search
C01997,Small Business,Islamabad,2024-08-13,Affiliate
C01998,Consumer,Multan,2025-02-19,Paid Search
C01999,Consumer,Faisalabad,2023-07-12,Email
C02000,Consumer,Lahore,2023-08-22,Referral
C02001,Consumer,Faisalabad,2025-07-25,Referral
C02002,Home Office,Islamabad,2025-11-08,Email
C02003,Small Business,Multan,2024-11-25,Organic Search
C02004,Consumer,Islamabad,2022-12-04,Affiliate
C02005,Small Business,Faisalabad,2025-12-13,Referral
C02006,Consumer,Faisalabad,2024-09-13,Social Media
C02007,Consumer,Lahore,2024-04-03,Social Media
C02008,Consumer,Lahore,2024-08-04,Social Media
C02009,Home Office,Islamabad,2025-05-06,Paid Search
C02010,Home Office,Rawalpindi,2023-02-27,Paid Search
C02011,Consumer,Islamabad,2025-06-25,Social Media
C02012,Consumer,Rawalpindi,2022-09-05,Organic Search
C02013,Home Office,Karachi,2025-12-11,Paid Search
C02014,Small Business,Lahore,2023-06-25,Organic Search
C02015,Home Office,Lahore,2022-06-18,Social Media
C02016,Consumer,Rawalpindi,2025-03-31,Organic Search
C02017,Small Business,Peshawar,2024-11-26,Referral
C02018,Consumer,Lahore,2025-03-28,Organic Search
C02019,Home Office,Lahore,2023-11-26,Organic Search
C02020,Small Business,Gujranwala,2023-12-29,Referral
C02021,Small Business,Rawalpindi,2024-08-23,Referral
C02022,Small Business,Karachi,2023-01-20,Email
C02023,Small Business,Rawalpindi,2022-06-01,Organic Search
C02024,Consumer,Islamabad,2023-07-31,Referral
C02025,Consumer,Lahore,2025-12-12,Paid Search
C02026,Consumer,Karachi,2025-05-24,Social Media
C02027,Consumer,Multan,2024-09-26,Email
C02028,Consumer,Gujranwala,2023-06-05,Email
C02029,Consumer,Lahore,2024-02-18,Paid Search
C02030,Consumer,Islamabad,2022-06-30,Paid Search
C02031,Consumer,Karachi,2024-07-03,Referral
C02032,Small Business,Gujranwala,2025-10-11,Organic Search
C02033,Consumer,Faisalabad,2024-04-03,Organic Search
C02034,Consumer,Karachi,2024-12-11,Social Media
C02035,Consumer,Gujranwala,2025-07-12,Social Media
C02036,Home Office,Lahore,2023-09-21,Paid Search
C02037,Home Office,Multan,2023-04-08,Email
C02038,Consumer,Islamabad,2024-10-03,Email
C02039,Home Office,Peshawar,2024-05-05,Paid Search
C02040,Consumer,Islamabad,2025-03-25,Email
C02041,Consumer,Islamabad,2025-04-21,Organic Search
C02042,Home Office,Gujranwala,2024-05-08,Email
C02043,Consumer,Multan,2024-04-19,Referral
C02044,Home Office,Faisalabad,2025-04-15,Referral
C02045,Consumer,Islamabad,2025-10-06,Email
C02046,Consumer,Faisalabad,2025-04-02,Email
C02047,Home Office,Lahore,2023-08-17,Organic Search
C02048,Home Office,Islamabad,2025-06-21,Paid Search
C02049,Consumer,Karachi,2022-08-15,Referral
C02050,Home Office,Islamabad,2022-07-23,Affiliate
C02051,Small Business,Karachi,2022-08-01,Social Media
C02052,Small Business,Lahore,2025-03-02,Organic Search
C02053,Consumer,Islamabad,2023-09-09,Affiliate
C02054,Home Office,Gujranwala,2023-11-27,Organic Search
C02055,Consumer,Karachi,2024-04-06,Email
C02056,Consumer,Islamabad,2022-10-18,Organic Search
C02057,Home Office,Karachi,2025-04-10,Referral
C02058,Consumer,Rawalpindi,2024-02-17,Affiliate
C02059,Consumer,Islamabad,2024-07-06,Email
C02060,Home Office,Lahore,2024-08-14,Referral
C02061,Consumer,Gujranwala,2024-08-10,Affiliate
C02062,Home Office,Karachi,2024-05-03,Social Media
C02063,Consumer,Multan,2022-06-14,Email
C02064,Consumer,Karachi,2024-11-15,Referral
C02065,Home Office,Gujranwala,2023-07-11,Paid Search
C02066,Consumer,Karachi,2025-11-12,Paid Search
C02067,Consumer,Karachi,2025-07-07,Affiliate
C02068,Home Office,Gujranwala,2025-05-19,Organic Search
C02069,Home Office,Lahore,2023-12-20,Social Media
C02070,Home Office,Islamabad,2023-04-17,Organic Search
C02071,Consumer,Karachi,2025-02-26,Email
C02072,Consumer,,2023-03-04,Organic Search
C02073,Small Business,Islamabad,2024-02-21,Organic Search
C02074,Small Business,Karachi,2023-11-01,Paid Search
C02075,Home Office,Karachi,2025-10-28,Affiliate
C02076,Small Business,Faisalabad,2024-11-30,Referral
C02077,Consumer,Rawalpindi,2023-09-13,Paid Search
C02078,Consumer,Rawalpindi,2022-08-23,Organic Search
C02079,Home Office,Islamabad,2025-08-01,Social Media
C02080,Consumer,Multan,2025-12-15,Referral
C02081,Consumer,Karachi,2024-07-08,Affiliate
C02082,Small Business,Islamabad,2024-04-09,Paid Search
C02083,Consumer,Karachi,2022-09-23,Affiliate
C02084,Consumer,Karachi,2025-05-04,Social Media
C02085,Consumer,Karachi,2024-03-03,Social Media
C02086,Small Business,Karachi,2025-06-01,Organic Search
C02087,Home Office,Multan,2024-03-29,Paid Search
C02088,Home Office,Lahore,2023-04-30,Paid Search
C02089,Home Office,Rawalpindi,2024-12-02,Paid Search
C02090,Consumer,Multan,2023-12-21,Paid Search
C02091,Small Business,Lahore,2023-02-08,Paid Search
C02092,Consumer,Islamabad,2023-12-09,Organic Search
C02093,Consumer,Lahore,2022-10-08,Organic Search
C02094,Consumer,Multan,2023-01-17,Organic Search
C02095,Consumer,Karachi,2024-11-06,Paid Search
C02096,Home Office,Karachi,2023-02-25,Referral
C02097,Consumer,Multan,2025-04-21,Organic Search
C02098,Small Business,Karachi,2023-10-13,Email
C02099,Consumer,Rawalpindi,2023-12-08,Paid Search
C02100,Small Business,Islamabad,2023-09-12,Email
C02101,Small Business,Karachi,2023-05-17,Email
C02102,Consumer,Karachi,2024-08-17,Referral
C02103,Consumer,Karachi,2024-09-06,Social Media
C02104,Small Business,Rawalpindi,2023-12-08,Organic Search
C02105,Consumer,Lahore,2024-05-31,Paid Search
C02106,Home Office,Karachi,2022-06-14,Paid Search
C02107,Consumer,Multan,2025-02-13,Referral
C02108,Home Office,Lahore,2022-09-17,Affiliate
C02109,Small Business,Karachi,2024-06-26,Email
C02110,Consumer,Multan,2024-10-15,Affiliate
C02111,Home Office,Gujranwala,2023-10-10,Social Media
C02112,Consumer,Lahore,2024-04-17,Organic Search
C02113,Consumer,Gujranwala,2023-06-12,Social Media
C02114,Home Office,Gujranwala,2023-02-06,Email
C02115,Home Office,Islamabad,2025-07-07,Organic Search
C02116,Home Office,Karachi,2024-07-25,Organic Search
C02117,Consumer,Lahore,2022-11-06,Organic Search
C02118,Home Office,Karachi,2022-07-31,Paid Search
C02119,Small Business,Lahore,2023-01-09,Paid Search
C02120,Small Business,Faisalabad,2022-09-26,Organic Search
C02121,Consumer,Karachi,2022-09-27,Organic Search
C02122,Small Business,Karachi,2022-10-07,Paid Search
C02123,Consumer,Islamabad,2023-09-12,Social Media
C02124,Home Office,Lahore,2024-08-01,Email
C02125,Small Business,Karachi,2025-09-11,Paid search 
C02126,Consumer,Gujranwala,2024-01-06,Social Media
C02127,Small Business,Islamabad,2025-07-27,Organic Search
C02128,Home Office,Islamabad,2024-07-05,Referral
C02129,Consumer,Lahore,2025-12-19,Organic Search
C02130,Consumer,Karachi,2023-09-05,Referral
C02131,Consumer,Lahore,2023-10-01,Referral
C02132,Small Business,Karachi,2023-12-28,Organic Search
C02133,Consumer,Lahore,2023-04-12,Organic Search
C02134,Consumer,Lahore,2024-03-22,Paid Search
C02135,Home Office,Lahore,2025-09-09,Organic Search
C02136,Consumer,Rawalpindi,2024-04-08,Organic Search
C02137,Consumer,Islamabad,2022-12-07,Social Media
C02138,Small Business,Faisalabad,2024-09-27,Social Media
C02139,Small Business,Faisalabad,2022-09-17,Email
C02140,Consumer,Islamabad,2024-10-25,Paid Search
C02141,Consumer,Lahore,2023-06-10,Paid Search
C02142,Small Business,Lahore,2023-09-27,Referral
C02143,Home Office,Rawalpindi,2022-12-30,Organic Search
C02144,Consumer,Karachi,2024-03-15,Social Media
C02145,Consumer,Faisalabad,2024-07-16,Referral
C02146,Home Office,Lahore,2025-06-13,Social Media
C02147,Consumer,Karachi,2024-01-28,Social Media
C02148,Consumer,Karachi,2025-09-07,Affiliate
C02149,Consumer,Lahore,2025-05-25,Paid Search
C02150,Consumer,Rawalpindi,2024-04-06,Paid Search
C02151,Consumer,Islamabad,2024-09-27,Referral
C02152,Consumer,Lahore,2023-11-07,Affiliate
C02153,Small Business,Rawalpindi,2025-09-02,Organic Search
C02154,Consumer,Karachi,2024-06-03,Social Media
C02155,Consumer,Karachi,2025-06-04,Organic Search
C02156,Consumer,Karachi,2023-03-06,Affiliate
C02157,Consumer,Karachi,2024-02-29,Email
C02158,Consumer,Multan,2022-11-08,Organic Search
C02159,Consumer,Karachi,2025-06-06,Paid Search
C02160,Consumer,Islamabad,2025-07-12,Social Media
C02161,Consumer,Lahore,2023-06-12,Email
C02162,Consumer,Multan,2023-08-07,Organic Search
C02163,Consumer,Islamabad,2025-06-25,Affiliate
C02164,Small Business,Lahore,2024-01-17,Organic Search
C02165,Home Office,Lahore,2022-06-12,Email
C02166,Consumer,Karachi,2024-04-02,Paid Search
C02167,Consumer,Lahore,2024-11-16,Organic Search
C02168,Consumer,Gujranwala,2022-10-10,Paid Search
C02169,Consumer,Faisalabad,2024-04-07,Organic Search
C02170,Consumer,Lahore,2023-03-04,Affiliate
C02171,Consumer,Lahore,2022-10-21,Email
C02172,Small Business,Gujranwala,2023-09-28,Organic Search
C02173,Consumer,Lahore,2024-09-11,Organic Search
C02174,Consumer,Faisalabad,2024-09-18,Email
C02175,Consumer,Islamabad,2025-10-11,Paid Search
C02176,Consumer,Multan,2025-01-02,Affiliate
C02177,Home Office,Lahore,2022-08-03,Organic Search
C02178,Small Business,Lahore,2025-03-10,Social Media
C02179,Small Business,Karachi,2024-12-23,Social Media
C02180,Home Office,Rawalpindi,2022-08-15,Social Media
C02181,Small Business,Peshawar,2023-02-07,Social Media
C02182,Home Office,Rawalpindi,2024-09-29,Referral
C02183,Small Business,Faisalabad,2024-12-04,Paid Search
C02184,Small Business,Karachi,2022-08-14,Referral
C02185,Consumer,Gujranwala,2023-07-15,Social Media
C02186,Small Business,Rawalpindi,2025-07-02,Organic Search
C02187,Home Office,Gujranwala,2025-02-15,Email
C02188,Consumer,Islamabad,2024-07-30,Paid Search
C02189,Consumer,Peshawar,2025-04-01,Organic Search
C02190,Consumer,Rawalpindi,2024-02-12,Paid Search
C02191,Consumer,Peshawar,2023-08-10,Organic Search
C02192,Consumer,Islamabad,2025-05-14,Paid Search
C02193,Consumer,Lahore,2022-12-02,Organic Search
C02194,Home Office,Gujranwala,2025-04-05,Paid Search
C02195,Consumer,Lahore,2023-07-15,Email
C02196,Consumer,Karachi,2024-03-31,Social Media
C02197,Home Office,Islamabad,2022-07-02,Email
C02198,Consumer,Karachi,2025-06-26,Affiliate
C02199,Small Business,Gujranwala,2024-09-16,Paid Search
C02200,Small Business,Gujranwala,2024-01-23,Paid Search
C02201,Small Business,Gujranwala,2024-09-25,Organic Search
C02202,Consumer,Lahore,2023-03-24,Affiliate
C02203,Consumer,Gujranwala,2025-04-30,Organic Search
C02204,Small Business,Karachi,2025-10-13,Paid Search
C02205,Consumer,Rawalpindi,2025-10-29,Social Media
C02206,Consumer,Karachi,2023-06-16,Referral
C02207,Consumer,Gujranwala,2025-02-13,Referral
C02208,Consumer,Lahore,2024-11-16,Paid Search
C02209,Small Business,Faisalabad,2022-12-29,Organic Search
C02210,Consumer,Multan,2023-06-12,Organic Search
C02211,Consumer,Karachi,2023-09-27,Paid Search
C02212,Home Office,Rawalpindi,2023-03-18,Social Media
C02213,Consumer,Peshawar,2024-05-19,Paid Search
C02214,Home Office,Karachi,2025-11-11,Paid Search
C02215,Home Office,Faisalabad,2024-06-18,Referral
C02216,Consumer,Lahore,2024-11-17,Paid Search
C02217,Home Office,Gujranwala,2023-06-02,Affiliate
C02218,Consumer,Lahore,2022-06-13,Social Media
C02219,Consumer,Islamabad,2024-02-16,Paid Search
C02220,Home Office,Islamabad,2024-03-25,Organic Search
C02221,Home Office,Karachi,2024-12-15,Email
C02222,Consumer,Karachi,2024-12-05,Paid Search
C02223,Consumer,Peshawar,2022-07-29,Referral
C02224,Consumer,Lahore,2023-09-04,Organic Search
C02225,Consumer,Faisalabad,2022-10-02,Social Media
C02226,Small Business,Faisalabad,2022-08-24,Paid Search
C02227,Consumer,Multan,2024-10-11,Referral
C02228,Home Office,Lahore,2024-02-14,Referral
C02229,Small Business,Faisalabad,2025-07-11,Email
C02230,Consumer,Islamabad,2024-11-18,Organic Search
C02231,Consumer,Lahore,2023-02-07,Organic Search
C02232,Consumer,Islamabad,2023-05-01,Social Media
C02233,Consumer,Gujranwala,2022-10-04,Organic Search
C02234,Consumer,Islamabad,2024-06-26,Email
C02235,Consumer,Gujranwala,2023-08-24,Organic Search
C02236,Consumer,Multan,2024-07-30,Social Media
C02237,Consumer,Faisalabad,2024-03-11,Social Media
C02238,Consumer,Peshawar,2023-06-20,Organic Search
C02239,Consumer,Islamabad,2025-08-07,Referral
C02240,Consumer,Karachi,2023-08-22,Organic Search
C02241,Small Business,Peshawar,2024-01-31,Referral
C02242,Consumer,Multan,2023-01-23,Paid Search
C02243,Consumer,Karachi,2025-08-21,Paid Search
C02244,Home Office,Rawalpindi,2025-01-14,Social Media
C02245,Home Office,Karachi,2024-02-20,Paid Search
C02246,Consumer,Peshawar,2024-04-14,Email
C02247,Consumer,Islamabad,2025-06-04,Email
C02248,Small Business,Gujranwala,2023-08-06,Organic Search
C02249,Home Office,Rawalpindi,2023-11-16,Referral
C02250,Consumer,Gujranwala,2024-12-18,Email
C02251,Consumer,Gujranwala,2024-05-21,Email
C02252,Small Business,Multan,2025-05-29,Referral
C02253,Consumer,Karachi,2022-06-07,Organic Search
C02254,Consumer,Karachi,2022-11-23,Organic Search
C02255,Consumer,Peshawar,2023-11-02,Social Media
C02256,Home Office,Karachi,2024-03-03,Referral
C02257,Consumer,Lahore,2024-01-04,Social Media
C02258,Consumer,Lahore,2023-12-15,Referral
C02259,Consumer,Lahore,2025-11-17,Paid Search
C02260,Home Office,Karachi,2022-07-08,Social Media
C02261,Consumer,Rawalpindi,2025-05-02,Paid Search
C02262,Consumer,Lahore,2024-08-13,Paid Search
C02263,Home Office,Lahore,2024-04-08,Organic Search
C02264,Home Office,Karachi,2023-05-11,Paid Search
C02265,Small Business,Karachi,2022-10-21,Paid Search
C02266,Consumer,Islamabad,2023-01-05,Affiliate
C02267,Consumer,Peshawar,2025-05-02,Organic Search
C02268,Consumer,Rawalpindi,2024-09-30,Social Media
C02269,Small Business,Faisalabad,2024-03-13,Affiliate
C02270,Consumer,Karachi,2024-09-20,Organic Search
C02271,Consumer,Karachi,2025-06-05,Organic Search
C02272,Home Office,Faisalabad,2023-09-26,Organic Search
C02273,Consumer,Faisalabad,2025-11-22,Referral
C02274,Consumer,Faisalabad,2023-04-27,Affiliate
C02275,Consumer,Rawalpindi,2025-08-01,Paid Search
C02276,Consumer,Karachi,2022-07-06,Email
C02277,Consumer,Islamabad,2024-09-23,Organic Search
C02278,Consumer,Rawalpindi,2024-12-10,Organic Search
C02279,Home Office,Karachi,2024-12-04,Paid Search
C02280,Consumer,Islamabad,2022-12-27,Organic Search
C02281,Consumer,Lahore,2024-09-04,Affiliate
C02282,Consumer,Karachi,2025-10-04,Organic Search
C02283,Consumer,Faisalabad,2025-07-26,Referral
C02284,Consumer,Multan,2024-05-30,Organic Search
C02285,Consumer,Islamabad,2024-08-07,Social Media
C02286,Consumer,Islamabad,2025-03-06,Referral
C02287,Consumer,Peshawar,2025-08-30,Social Media
C02288,Consumer,,2025-10-19,Affiliate
C02289,Consumer,Karachi,2023-07-30,Affiliate
C02290,Consumer,Islamabad,2023-04-08,Email
C02291,Home Office,Rawalpindi,2022-11-08,Affiliate
C02292,Consumer,Islamabad,2025-11-11,Referral
C02293,Home Office,Multan,2022-06-17,Paid Search
C02294,Consumer,Lahore,2023-11-16,Email
C02295,Consumer,Lahore,2024-12-28,Social Media
C02296,Home Office,Lahore,2025-09-18,Social Media
C02297,Home Office,Peshawar,2023-03-22,Referral
C02298,Consumer,Lahore,2022-10-19,Social Media
C02299,Consumer,Islamabad,2023-12-15,Social Media
C02300,Home Office,Karachi,2023-03-23,Email
C02301,Small Business,Karachi,2022-07-29,Referral
C02302,Consumer,Lahore,2025-10-09,Email
C02303,Consumer,Islamabad,2025-02-19,Organic Search
C02304,Consumer,Lahore,2022-11-05,Affiliate
C02305,Consumer,Lahore,2023-01-28,Referral
C02306,Small Business,Karachi,2025-01-12,Social Media
C02307,Consumer,Islamabad,2022-08-23,Social Media
C02308,Consumer,Karachi,2023-05-07,Referral
C02309,Consumer,Lahore,2025-08-15,Organic Search
C02310,Consumer,Karachi,2025-03-14,Paid Search
C02311,Home Office,Multan,2025-05-24,Paid Search
C02312,Consumer,Rawalpindi,2023-01-08,Referral
C02313,Home Office,Lahore,2025-10-31,Affiliate
C02314,Consumer,Faisalabad,2023-10-26,Organic Search
C02315,Small Business,Islamabad,2023-06-26,Affiliate
C02316,Home Office,Peshawar,2022-06-17,Paid Search
C02317,Consumer,Karachi,2022-12-01,Referral
C02318,Home Office,Islamabad,2024-11-03,Organic Search
C02319,Small Business,Gujranwala,2025-08-16,Referral
C02320,Home Office,Karachi,2022-10-16,Paid Search
C02321,Consumer,Lahore,2024-10-18,Email
C02322,Consumer,Lahore,2025-07-26,Referral
C02323,Small Business,Lahore,2023-06-19,Referral
C02324,Consumer,Karachi,2022-08-12,Email
C02325,Consumer,Rawalpindi,2024-08-12,Affiliate
C02326,Consumer,Lahore,2024-10-20,Email
C02327,Consumer,Gujranwala,2025-09-03,Organic Search
C02328,Home Office,Lahore,2025-06-16,Paid Search
C02329,Home Office,Lahore,2025-07-13,Social Media
C02330,Consumer,Lahore,2022-11-05,Organic Search
C02331,Consumer,Faisalabad,2025-04-19,Email
C02332,Consumer,Rawalpindi,2025-07-22,Referral
C02333,Home Office,Lahore,2025-09-02,Organic Search
C02334,Home Office,Gujranwala,2024-12-12,Paid Search
C02335,Consumer,Faisalabad,2025-01-26,Social Media
C02336,Consumer,Faisalabad,2022-06-06,Organic Search
C02337,Home Office,Islamabad,2024-11-13,Organic Search
C02338,Home Office,Karachi,2025-12-02,Organic Search
C02339,Consumer,Lahore,2022-09-28,Email
C02340,Consumer,Multan,2024-06-19,Affiliate
C02341,Consumer,Faisalabad,2024-12-13,Organic Search
C02342,Consumer,Faisalabad,2023-11-04,Social Media
C02343,Consumer,Karachi,2025-09-30,Referral
C02344,Consumer,Karachi,2023-11-20,Social Media
C02345,Home Office,Gujranwala,2024-12-26,Paid Search
C02346,Consumer,Gujranwala,2022-07-13,Organic Search
C02347,Small Business,Gujranwala,2023-01-31,Organic Search
C02348,Consumer,Peshawar,2022-08-19,Paid Search
C02349,Small Business,Peshawar,2023-05-09,Social Media
C02350,Consumer,Lahore,2025-01-08,Email
C02351,Consumer,Islamabad,2025-03-07,Email
C02352,Consumer,Rawalpindi,2022-10-20,Organic Search
C02353,Consumer,Faisalabad,2024-12-31,Email
C02354,Small Business,Lahore,2025-04-19,Affiliate
C02355,Small Business,Faisalabad,2022-12-04,Social Media
C02356,Small Business,Lahore,2024-01-15,Affiliate
C02357,Home Office,Faisalabad,2025-07-16,Referral
C02358,Consumer,Lahore,2025-10-26,Paid Search
C02359,Consumer,Multan,2024-06-17,Referral
C02360,Consumer,Lahore,2023-01-03,Organic Search
C02361,Small Business,Karachi,2023-12-03,Referral
C02362,Consumer,Faisalabad,2023-01-29,Paid search 
C02363,Home Office,Lahore,2024-04-24,Email
C02364,Small Business,Lahore,2025-07-04,Organic Search
C02365,Consumer,Karachi,2025-04-05,Referral
C02366,Home Office,Gujranwala,2023-04-19,Organic Search
C02367,Home Office,Rawalpindi,2023-02-10,Referral
C02368,Consumer,Karachi,2023-02-26,Paid Search
C02369,Consumer,Karachi,2025-07-19,Email
C02370,Small Business,Peshawar,2025-01-14,Referral
C02371,Consumer,Islamabad,2025-10-20,Referral
C02372,Consumer,Karachi,2022-11-30,Email
C02373,Consumer,Lahore,2024-09-22,Paid Search
C02374,Consumer,Gujranwala,2024-12-03,Organic Search
C02375,Consumer,Karachi,2024-10-16,Referral
C02376,Small Business,Lahore,2022-06-11,Organic Search
C02377,Home Office,Multan,2023-08-25,Organic Search
C02378,Consumer,Faisalabad,2023-03-28,Organic Search
C02379,Home Office,Faisalabad,2024-11-14,Referral
C02380,Consumer,Faisalabad,2022-10-13,Referral
C02381,Consumer,Lahore,2023-08-03,Paid Search
C02382,Consumer,Islamabad,2024-10-30,Referral
C02383,Consumer,Lahore,2024-06-25,Paid Search
C02384,Consumer,Karachi,2023-12-06,Organic Search
C02385,Consumer,Faisalabad,2025-07-02,Organic Search
C02386,Consumer,Lahore,2023-01-13,Organic Search
C02387,Consumer,Islamabad,2024-08-14,Paid Search
C02388,Consumer,Peshawar,2025-09-10,Organic Search
C02389,Consumer,Lahore,2022-12-25,Referral
C02390,Consumer,Karachi,2024-06-05,Affiliate
C02391,Consumer,Rawalpindi,2024-06-08,Paid Search
C02392,Small Business,Multan,2023-04-30,Affiliate
C02393,Home Office,Gujranwala,2024-03-15,Organic Search
C02394,Consumer,Karachi,2025-10-18,Social Media
C02395,Consumer,Karachi,2023-03-17,Referral
C02396,Consumer,Islamabad,2025-11-08,Organic Search
C02397,Consumer,Islamabad,2024-01-28,Email
C02398,Small Business,Multan,2024-02-13,Paid Search
C02399,Home Office,Karachi,2025-07-14,Social Media
C02400,Consumer,Lahore,2025-08-17,Organic Search
C02401,Consumer,Gujranwala,2024-02-28,Paid Search
C02402,Consumer,Lahore,2023-07-04,Paid Search
C02403,Consumer,Karachi,2024-09-29,Email
C02404,Consumer,Gujranwala,2025-06-12,Affiliate
C02405,Consumer,Lahore,2022-10-31,Organic Search
C02406,Consumer,Multan,2024-05-30,Paid Search
C02407,Consumer,Islamabad,2023-11-22,Paid Search
C02408,Home Office,Faisalabad,2022-08-24,Email
C02409,Consumer,Lahore,2022-08-20,Referral
C02410,Consumer,,2025-07-26,Referral
C02411,Home Office,Lahore,2025-09-26,Organic Search
C02412,Home Office,Islamabad,2023-09-28,Email
C02413,Home Office,Faisalabad,2025-08-18,Social Media
C02414,Home Office,Karachi,2023-11-09,Referral
C02415,Small Business,Lahore,2023-07-10,Paid Search
C02416,Consumer,Lahore,2023-05-08,Organic Search
C02417,Home Office,Islamabad,2022-12-15,Affiliate
C02418,Small Business,Multan,2023-09-10,Email
C02419,Consumer,Faisalabad,2024-09-04,Referral
C02420,Consumer,Karachi,2024-04-08,Organic Search
C02421,Home Office,Lahore,2023-12-11,Paid Search
C02422,Consumer,Faisalabad,2024-07-18,Affiliate
C02423,Consumer,Faisalabad,2023-01-13,Email
C02424,Consumer,Rawalpindi,2025-08-19,Paid Search
C02425,Consumer,Karachi,2022-07-28,Organic Search
C02426,Small Business,Karachi,2024-07-13,Affiliate
C02427,Home Office,Islamabad,2023-09-09,Social Media
C02428,Consumer,Faisalabad,2024-05-09,Organic Search
C02429,Small Business,Peshawar,2022-09-07,Organic Search
C02430,Consumer,Gujranwala,2024-09-17,Referral
C02431,Consumer,Lahore,2024-09-11,Email
C02432,Consumer,Faisalabad,2025-01-05,Paid Search
C02433,Consumer,Islamabad,2025-08-14,Referral
C02434,Small Business,Lahore,2024-08-20,Affiliate
C02435,Consumer,Karachi,2022-11-24,Paid Search
C02436,Home Office,Peshawar,2025-06-24,Referral
C02437,Consumer,Multan,2025-05-22,social media
C02438,Consumer,Lahore,2023-09-16,Email
C02439,Consumer,Islamabad,2025-10-06,Social Media
C02440,Home Office,Rawalpindi,2023-03-20,Referral
C02441,Consumer,Rawalpindi,2023-04-20,Organic Search
C02442,Home Office,Gujranwala,2025-04-13,Referral
C02443,Home Office,Karachi,2023-06-07,Social Media
C02444,Consumer,Lahore,2023-06-26,Affiliate
C02445,Consumer,Lahore,2022-10-31,Organic Search
C02446,Small Business,Gujranwala,2025-10-14,Paid Search
C02447,Consumer,Lahore,2023-10-15,Referral
C02448,Consumer,Lahore,2024-12-11,Email
C02449,Consumer,Lahore,2024-11-09,Email
C02450,Small Business,Rawalpindi,2023-09-30,Referral
C02451,Consumer,Lahore,2024-01-29,Organic Search
C02452,Home Office,Lahore,2024-08-08,Affiliate
C02453,Consumer,Karachi,2025-08-08,Paid Search
C02454,Consumer,Karachi,2025-12-01,Referral
C02455,Consumer,Multan,2023-02-23,Organic Search
C02456,Consumer,Islamabad,2023-07-15,Organic Search
C02457,Consumer,Islamabad,2025-02-05,Paid Search
C02458,Consumer,Rawalpindi,2024-12-16,Paid Search
C02459,Home Office,Islamabad,2025-08-18,Referral
C02460,Consumer,Gujranwala,2025-10-23,Referral
C02461,Consumer,Peshawar,2022-06-17,Organic Search
C02462,Consumer,Rawalpindi,2023-09-04,Paid Search
C02463,Consumer,Karachi,2022-10-29,Social Media
C02464,Home Office,Karachi,2022-10-14,Affiliate
C02465,Home Office,Karachi,2024-08-01,Referral
C02466,Small Business,Karachi,2024-07-29,Affiliate
C02467,Home Office,Rawalpindi,2022-10-28,Referral
C02468,Consumer,Lahore,2023-05-18,Email
C02469,Home Office,Rawalpindi,2025-03-06,Email
C02470,Consumer,Karachi,2024-03-31,Paid Search
C02471,Consumer,Faisalabad,2025-06-08,Social Media
C02472,Consumer,Rawalpindi,2022-07-02,Social Media
C02473,Consumer,Gujranwala,2025-08-23,Referral
C02474,Consumer,Islamabad,2025-09-18,Organic Search
C02475,Consumer,Rawalpindi,2024-06-03,Paid Search
C02476,Consumer,Rawalpindi,2025-06-07,Referral
C02477,Home Office,Karachi,2023-10-13,Organic Search
C02478,Consumer,Lahore,2025-11-07,Paid Search
C02479,Consumer,Multan,2024-03-13,Affiliate
C02480,Consumer,Karachi,2024-01-13,Referral
C02481,Consumer,Rawalpindi,2023-06-25,Email
C02482,Consumer,Faisalabad,2025-08-19,Referral
C02483,Consumer,Karachi,2023-01-04,Email
C02484,Consumer,Rawalpindi,2023-11-30,Email
C02485,Consumer,Lahore,2025-06-19,Organic Search
C02486,Consumer,Faisalabad,2022-09-15,Social Media
C02487,Small Business,Faisalabad,2024-02-14,Organic Search
C02488,Consumer,Gujranwala,2025-07-21,Organic Search
C02489,Consumer,Lahore,2023-11-03,Social Media
C02490,Consumer,Lahore,2025-09-19,Organic Search
C02491,Small Business,Lahore,2023-02-14,Social Media
C02492,Home Office,Lahore,2023-04-19,Referral
C02493,Home Office,Lahore,2022-12-21,Affiliate
C02494,Small Business,Gujranwala,2023-05-17,Paid search 
C02495,Consumer,Islamabad,2024-04-23,Referral
C02496,Small Business,Islamabad,2024-06-05,Paid Search
C02497,Consumer,Lahore,2025-03-30,Social Media
C02498,Consumer,Lahore,2024-08-15,Referral
C02499,Consumer,Karachi,2023-04-04,Paid Search
C02500,Small Business,Rawalpindi,2025-08-03,Social Media
C02501,Consumer,Faisalabad,2022-06-06,Affiliate
C02502,Home Office,Islamabad,2023-09-22,Paid Search
C02503,Home Office,Peshawar,2025-01-29,Paid Search
C02504,Home Office,Karachi,2022-11-12,Referral
C02505,Consumer,Lahore,2022-08-31,Paid Search
C02506,Consumer,Karachi,2024-02-13,Paid Search
C02507,Consumer,Multan,2025-05-31,Referral
C02508,Consumer,Karachi,2025-05-27,Organic Search
C02509,Consumer,Multan,2024-03-02,Organic Search
C02510,Consumer,Karachi,2025-04-10,Paid Search
C02511,Consumer,Karachi,2023-08-02,Paid Search
C02512,Consumer,Lahore,2024-10-04,Social Media
C02513,Home Office,Rawalpindi,2022-09-07,Paid Search
C02514,Small Business,Gujranwala,2025-08-11,Social Media
C02515,Small Business,Multan,2025-11-24,Organic Search
C02516,Consumer,Islamabad,2023-07-26,Social Media
C02517,Home Office,Lahore,2024-02-12,Organic Search
C02518,Consumer,Rawalpindi,2024-10-09,Email
C02519,Consumer,Rawalpindi,2025-11-10,Social Media
C02520,Home Office,,2022-08-05,Organic Search
C02521,Small Business,Karachi,2025-07-28,Referral
C02522,Consumer,Gujranwala,2023-12-03,Email
C02523,Home Office,Multan,2022-07-02,Referral
C02524,Consumer,Karachi,2023-08-09,Affiliate
C02525,Home Office,Faisalabad,2025-07-12,Referral
C02526,Consumer,Rawalpindi,2024-11-25,Email
C02527,Home Office,Faisalabad,2024-02-28,Organic Search
C02528,Consumer,Lahore,2022-06-19,Paid Search
C02529,Consumer,Karachi,2024-06-02,Social Media
C02530,Small Business,Lahore,2022-12-06,Affiliate
C02531,Consumer,Peshawar,2024-03-05,Social Media
C02532,Home Office,Lahore,2022-11-03,Affiliate
C02533,Consumer,Karachi,2022-12-15,Organic Search
C02534,Consumer,Karachi,2024-12-03,Paid Search
C02535,Consumer,Faisalabad,2023-12-13,Paid Search
C02536,Consumer,Islamabad,2024-01-19,Organic Search
C02537,Consumer,Karachi,2023-06-23,Organic Search
C02538,Small Business,Karachi,2022-09-08,Referral
C02539,Consumer,Lahore,2023-07-22,Email
C02540,Consumer,Islamabad,2023-02-22,Paid Search
C02541,Consumer,Karachi,2025-09-22,social media
C02542,Small Business,Karachi,2025-11-05,Paid Search
C02543,Consumer,Karachi,2025-01-23,Social Media
C02544,Small Business,Karachi,2025-03-17,Email
C02545,Home Office,Karachi,2022-12-03,Referral
C02546,Consumer,Faisalabad,2024-05-06,Referral
C02547,Consumer,Lahore,2023-09-16,Affiliate
C02548,Home Office,Karachi,2023-08-17,Referral
C02549,Consumer,Islamabad,2023-08-22,Organic Search
C02550,Small Business,Karachi,2024-08-13,Social Media
C02551,Home Office,Karachi,2024-03-07,Paid Search
C02552,Consumer,Faisalabad,2023-04-16,Social Media
C02553,Consumer,Faisalabad,2023-06-27,Paid Search
C02554,Consumer,Rawalpindi,2023-05-06,Paid Search
C02555,Home Office,Lahore,2025-10-11,Paid Search
C02556,Consumer,Lahore,2024-12-27,Social Media
C02557,Small Business,Islamabad,2025-01-22,Organic Search
C02558,Small Business,Lahore,2025-11-27,Referral
C02559,Home Office,Karachi,2022-09-07,Organic Search
C02560,Home Office,Islamabad,2023-02-22,Paid Search
C02561,Small Business,Karachi,2025-12-01,Email
C02562,Home Office,Islamabad,2024-03-16,Organic Search
C02563,Small Business,Lahore,2025-03-13,Paid Search
C02564,Home Office,Faisalabad,2025-05-03,Paid search 
C02565,Home Office,Lahore,2023-10-14,Social Media
C02566,Consumer,Islamabad,2024-01-07,Email
C02567,Consumer,Peshawar,2022-07-17,Organic Search
C02568,Consumer,Lahore,2025-05-24,Social Media
C02569,Small Business,Karachi,2023-07-03,Paid Search
C02570,Consumer,Lahore,2024-10-24,Organic Search
C02571,Consumer,Lahore,2024-12-25,Social Media
C02572,Home Office,Islamabad,2025-10-24,Paid Search
C02573,Home Office,Rawalpindi,2025-11-10,Organic Search
C02574,Consumer,Multan,2023-07-04,Email
C02575,Home Office,Karachi,2023-11-26,Paid Search
C02576,Consumer,Multan,2022-08-11,Organic Search
C02577,Consumer,Faisalabad,2025-02-21,Organic Search
C02578,Consumer,Lahore,2025-11-24,Email
C02579,Consumer,Lahore,2023-05-09,Email
C02580,Consumer,Karachi,2023-01-12,Referral
C02581,Consumer,Islamabad,2023-01-26,Email
C02582,Small Business,Karachi,2025-11-28,Social Media
C02583,Consumer,Gujranwala,2023-03-02,Affiliate
C02584,Consumer,Lahore,2025-09-10,Paid Search
C02585,Home Office,Gujranwala,2023-08-22,Paid Search
C02586,Consumer,Peshawar,2025-11-09,Paid Search
C02587,Home Office,Karachi,2023-07-25,Social Media
C02588,Home Office,Karachi,2022-07-18,Paid Search
C02589,Consumer,Rawalpindi,2025-03-16,Social Media
C02590,Consumer,Rawalpindi,2024-11-12,Paid Search
C02591,Consumer,Multan,2022-06-19,Organic Search
C02592,Small Business,Rawalpindi,2024-08-26,Email
C02593,Small Business,Lahore,2024-12-06,Email
C02594,Consumer,Rawalpindi,2025-02-14,Organic Search
C02595,Home Office,Lahore,2022-10-29,Email
C02596,Small Business,Islamabad,2022-08-14,Organic Search
C02597,Small Business,Karachi,2025-06-12,Paid Search
C02598,Small Business,Peshawar,2023-08-27,Affiliate
C02599,Consumer,Lahore,2023-05-27,Organic Search
C02600,Small Business,Karachi,2025-07-05,Social Media
C02601,Consumer,Faisalabad,2024-12-23,Referral
C02602,Consumer,Rawalpindi,2024-03-28,Paid Search
C02603,Consumer,Rawalpindi,2023-08-10,Affiliate
C02604,Consumer,Karachi,2024-07-26,Paid Search
C02605,Consumer,Lahore,2025-08-18,Email
C02606,Consumer,Lahore,2025-04-08,Email
C02607,Small Business,Islamabad,2022-12-17,Organic Search
C02608,Small Business,Karachi,2024-07-21,Email
C02609,Home Office,Karachi,2022-11-29,Social Media
C02610,Consumer,Lahore,2025-12-05,Organic Search
C02611,Consumer,Faisalabad,2023-02-02,Email
C02612,Consumer,Islamabad,2024-07-31,Paid Search
C02613,Consumer,Gujranwala,2023-04-29,Organic Search
C02614,Small Business,Karachi,2024-05-28,Paid search 
C02615,Home Office,Karachi,2025-04-06,Organic Search
C02616,Consumer,Lahore,2023-10-25,Organic Search
C02617,Consumer,Faisalabad,2023-11-29,Affiliate
C02618,Consumer,Multan,2023-09-01,Organic Search
C02619,Consumer,Lahore,2022-09-19,Paid Search
C02620,Consumer,Lahore,2024-02-29,Referral
C02621,Home Office,Lahore,2025-11-08,Organic Search
C02622,Home Office,Gujranwala,2023-08-02,Organic Search
C02623,Consumer,Multan,2023-09-05,Email
C02624,Home Office,Rawalpindi,2023-07-09,Organic Search
C02625,Consumer,Lahore,2023-10-05,Organic Search
C02626,Consumer,Karachi,2024-07-01,Social Media
C02627,Small Business,Karachi,2023-10-26,Social Media
C02628,Consumer,Lahore,2024-10-18,Organic Search
C02629,Small Business,Rawalpindi,2022-08-09,Referral
C02630,Consumer,Lahore,2023-10-20,Referral
C02631,Consumer,Multan,2023-05-11,Social Media
C02632,Consumer,Multan,2024-07-05,Organic Search
C02633,Home Office,Gujranwala,2024-06-07,Affiliate
C02634,Consumer,Rawalpindi,2023-07-21,Organic Search
C02635,Consumer,Gujranwala,2024-12-24,Organic Search
C02636,Small Business,Karachi,2022-10-06,Affiliate
C02637,Consumer,Islamabad,2024-10-02,Referral
C02638,Consumer,Karachi,2024-10-13,Social Media
C02639,Consumer,Gujranwala,2023-10-21,Paid Search
C02640,Consumer,Lahore,2025-11-12,Organic Search
C02641,Small Business,Karachi,2022-08-01,Referral
C02642,Home Office,Lahore,2024-05-24,Organic Search
C02643,Home Office,Islamabad,2024-12-11,Social Media
C02644,Home Office,Karachi,2023-10-15,Organic Search
C02645,Consumer,Lahore,2025-12-08,Email
C02646,Consumer,Lahore,2023-03-04,Organic Search
C02647,Home Office,Lahore,2023-01-17,Referral
C02648,Small Business,Karachi,2024-01-10,Affiliate
C02649,Consumer,Gujranwala,2022-06-23,Social Media
C02650,Consumer,Islamabad,2024-06-29,Organic Search
C02651,Consumer,Peshawar,2025-06-05,Email
C02652,Consumer,Lahore,2022-06-09,Social Media
C02653,Home Office,Islamabad,2025-02-13,Affiliate
C02654,Consumer,Peshawar,2023-11-23,Affiliate
C02655,Home Office,Islamabad,2025-01-01,Organic Search
C02656,Home Office,Multan,2024-12-14,Paid Search
C02657,Consumer,Rawalpindi,2025-04-05,Organic Search
C02658,Consumer,Multan,2023-04-28,Referral
C02659,Consumer,Rawalpindi,2025-11-22,Organic Search
C02660,Consumer,Karachi,2023-02-12,Referral
C02661,Consumer,Karachi,2023-08-10,Social Media
C02662,Consumer,Gujranwala,2025-07-03,Organic Search
C02663,Consumer,Lahore,2023-08-09,Affiliate
C02664,Consumer,Karachi,2022-06-04,Social Media
C02665,Consumer,Faisalabad,2025-05-23,Paid Search
C02666,Consumer,Lahore,2023-05-13,Paid Search
C02667,Consumer,Lahore,2024-12-13,Email
C02668,Consumer,Multan,2024-05-26,Email
C02669,Consumer,Karachi,2024-09-16,Email
C02670,Small Business,Lahore,2024-01-27,Email
C02671,Consumer,Lahore,2023-06-03,Referral
C02672,Consumer,Faisalabad,2022-11-26,Referral
C02673,Consumer,Gujranwala,2025-05-25,Referral
C02674,Consumer,Lahore,2024-03-26,Social Media
C02675,Consumer,Lahore,2024-08-12,Referral
C02676,Consumer,Islamabad,2022-06-07,Organic Search
C02677,Home Office,Peshawar,2025-08-02,Organic Search
C02678,Small Business,Lahore,2022-08-15,Affiliate
C02679,Home Office,Lahore,2024-10-16,Organic Search
C02680,Consumer,Karachi,2022-10-20,Organic Search
C02681,Home Office,Karachi,2023-07-18,Social Media
C02682,Small Business,Multan,2024-09-02,Social Media
C02683,Home Office,Lahore,2022-09-11,Organic Search
C02684,Home Office,Peshawar,2023-04-18,Paid Search
C02685,Consumer,Faisalabad,2024-04-07,Affiliate
C02686,Consumer,Islamabad,2025-08-29,Affiliate
C02687,Home Office,Lahore,2022-09-17,Referral
C02688,Small Business,Faisalabad,2024-12-31,Organic Search
C02689,Home Office,Multan,2023-12-05,Paid Search
C02690,Consumer,,2022-07-03,Affiliate
C02691,Small Business,Islamabad,2025-07-26,Organic Search
C02692,Home Office,Karachi,2024-08-14,Affiliate
C02693,Consumer,Lahore,2022-07-03,Affiliate
C02694,Consumer,Lahore,2022-06-08,Paid Search
C02695,Consumer,Lahore,2023-01-13,Paid Search
C02696,Small Business,Rawalpindi,2022-07-10,Affiliate
C02697,Consumer,Lahore,2025-05-17,Affiliate
C02698,Home Office,Multan,2023-10-13,Paid Search
C02699,Consumer,Karachi,2022-06-03,Social Media
C02700,Small Business,Islamabad,2025-11-19,Social Media
C02701,Consumer,Multan,2022-10-20,Organic Search
C02702,Consumer,Karachi,2025-07-04,Affiliate
C02703,Consumer,Lahore,2023-04-04,Affiliate
C02704,Consumer,Islamabad,2023-09-01,Organic Search
C02705,Home Office,Rawalpindi,2023-06-15,Paid Search
C02706,Home Office,Lahore,2023-06-22,Paid Search
C02707,Consumer,Karachi,2023-05-27,Paid Search
C02708,Consumer,Karachi,2023-09-04,Affiliate
C02709,Consumer,Gujranwala,2023-11-03,Social Media
C02710,Home Office,Lahore,2022-10-21,Affiliate
C02711,Home Office,Gujranwala,2022-10-28,Social Media
C02712,Consumer,Karachi,2025-02-25,Referral
C02713,Consumer,Karachi,2024-05-20,Referral
C02714,Consumer,Lahore,2023-12-22,Paid Search
C02715,Home Office,Lahore,2023-04-13,Organic Search
C02716,Consumer,Rawalpindi,2023-07-21,Social Media
C02717,Consumer,Karachi,2025-11-20,Referral
C02718,Small Business,Gujranwala,2025-03-16,Social Media
C02719,Consumer,Multan,2022-10-02,Email
C02720,Consumer,Rawalpindi,2024-08-22,Referral
C02721,Consumer,Islamabad,2023-06-29,Social Media
C02722,Consumer,Multan,2023-11-27,Organic Search
C02723,Consumer,Karachi,2025-04-10,Paid Search
C02724,Consumer,Karachi,2024-01-19,Email
C02725,Consumer,Islamabad,2025-09-10,Organic Search
C02726,Home Office,Faisalabad,2022-12-02,Referral
C02727,Small Business,Faisalabad,2022-11-06,Referral
C02728,Small Business,Rawalpindi,2023-09-06,Email
C02729,Consumer,Islamabad,2023-12-15,Paid Search
C02730,Consumer,Karachi,2022-09-11,Social Media
C02731,Consumer,Lahore,2025-02-18,Organic Search
C02732,Consumer,Islamabad,2025-11-25,Organic Search
C02733,Consumer,Multan,2025-09-21,Organic Search
C02734,Consumer,Multan,2025-09-11,Email
C02735,Consumer,Islamabad,2025-12-07,Email
C02736,Consumer,Lahore,2023-10-08,Organic Search
C02737,Consumer,Karachi,2024-01-18,Organic Search
C02738,Home Office,Rawalpindi,2022-07-07,Affiliate
C02739,Consumer,Peshawar,2025-07-29,Organic Search
C02740,Small Business,Gujranwala,2024-01-02,Organic Search
C02741,Consumer,Karachi,2025-03-20,Referral
C02742,Small Business,Karachi,2024-03-19,Paid Search
C02743,Consumer,Faisalabad,2023-05-07,Paid Search
C02744,Consumer,Karachi,2025-07-04,Social Media
C02745,Consumer,Islamabad,2022-11-03,Organic Search
C02746,Small Business,Lahore,2025-06-27,Affiliate
C02747,Consumer,Multan,2023-03-19,Social Media
C02748,Home Office,Lahore,2025-09-06,Organic Search
C02749,Small Business,Gujranwala,2024-11-04,Affiliate
C02750,Consumer,Faisalabad,2024-10-04,Referral
C02751,Small Business,Lahore,2025-08-08,Referral
C02752,Consumer,Rawalpindi,2025-10-15,Organic Search
C02753,Small Business,Karachi,2023-11-08,Social Media
C02754,Consumer,Karachi,2023-09-28,Organic Search
C02755,Small Business,Islamabad,2023-12-12,Paid Search
C02756,Home Office,Lahore,2025-01-12,Referral
C02757,Consumer,Rawalpindi,2022-09-09,Organic Search
C02758,Consumer,Karachi,2025-08-29,Organic Search
C02759,Consumer,Peshawar,2023-11-02,Social Media
C02760,Consumer,Karachi,2024-05-19,Organic Search
C02761,Small Business,Gujranwala,2025-11-05,Affiliate
C02762,Consumer,Lahore,2025-02-26,Affiliate
C02763,Consumer,Peshawar,2024-12-22,Social Media
C02764,Consumer,Faisalabad,2024-11-29,Referral
C02765,Consumer,,2025-05-28,Organic Search
C02766,Small Business,Gujranwala,2024-05-12,Organic Search
C02767,Home Office,Rawalpindi,2025-09-02,Paid Search
C02768,Consumer,Peshawar,2023-02-09,Referral
C02769,Consumer,Gujranwala,2023-10-08,Paid Search
C02770,Consumer,Karachi,2023-12-18,Social Media
C02771,Consumer,Lahore,2025-05-07,Organic Search
C02772,Consumer,Karachi,2023-09-27,Referral
C02773,Small Business,Multan,2023-01-13,Organic Search
C02774,Consumer,Peshawar,2022-12-19,Social Media
C02775,Home Office,Multan,2024-11-06,Affiliate
C02776,Consumer,Islamabad,2024-02-05,Social Media
C02777,Consumer,Lahore,2023-10-28,Paid Search
C02778,Small Business,Karachi,2025-11-28,Paid Search
C02779,Consumer,Gujranwala,2025-07-10,Paid Search
C02780,Consumer,Multan,2025-04-05,Organic Search
C02781,Home Office,Lahore,2023-07-17,Organic Search
C02782,Consumer,Karachi,2022-08-04,Paid Search
C02783,Consumer,Rawalpindi,2023-01-07,Organic Search
C02784,Consumer,Karachi,2022-10-28,Organic Search
C02785,Consumer,Lahore,2025-03-24,Organic Search
C02786,Small Business,Lahore,2024-05-11,Referral
C02787,Small Business,Faisalabad,2025-04-09,Referral
C02788,Home Office,Faisalabad,2025-02-22,Paid Search
C02789,Consumer,Karachi,2022-06-21,Paid Search
C02790,Consumer,Gujranwala,2023-07-22,Social Media
C02791,Consumer,Rawalpindi,2023-01-05,Paid Search
C02792,Consumer,Karachi,2024-07-13,Social Media
C02793,Small Business,Karachi,2022-08-05,Referral
C02794,Home Office,Karachi,2024-02-12,Paid Search
C02795,Consumer,Lahore,2024-03-29,Organic Search
C02796,Home Office,Islamabad,2024-11-09,Affiliate
C02797,Consumer,Lahore,2023-01-23,Organic Search
C02798,Consumer,Islamabad,2025-08-09,Social Media
C02799,Small Business,Karachi,2023-08-12,Paid Search
C02800,Consumer,Rawalpindi,2023-02-03,Organic Search
C02801,Home Office,Rawalpindi,2023-05-02,Paid Search
C02802,Consumer,Lahore,2023-09-27,Organic Search
C02803,Small Business,Islamabad,2024-09-11,Paid Search
C02804,Consumer,Karachi,2025-01-13,Organic Search
C02805,Small Business,Faisalabad,2025-04-23,Referral
C02806,Consumer,Peshawar,2022-07-10,Organic Search
C02807,Consumer,Lahore,2024-12-19,Organic Search
C02808,Home Office,Faisalabad,2023-08-07,Referral
C02809,Consumer,Karachi,2024-01-16,Paid Search
C02810,Consumer,Faisalabad,2023-09-29,Social Media
C02811,Consumer,Lahore,2024-04-23,Paid Search
C02812,Consumer,Faisalabad,2022-12-25,Email
C02813,Consumer,Islamabad,2025-12-02,Paid Search
C02814,Consumer,Peshawar,2025-03-04,Paid Search
C02815,Consumer,Multan,2022-12-01,Organic Search
C02816,Consumer,Karachi,2025-08-15,Organic Search
C02817,Consumer,Islamabad,2023-06-21,Email
C02818,Consumer,Islamabad,2025-04-12,Referral
C02819,Consumer,Peshawar,2022-10-14,Affiliate
C02820,Consumer,Islamabad,2023-02-09,Paid Search
C02821,Small Business,Rawalpindi,2024-01-25,Paid Search
C02822,Small Business,Gujranwala,2023-01-10,Social Media
C02823,Home Office,Lahore,2022-12-22,Affiliate
C02824,Consumer,Islamabad,2023-07-01,Social Media
C02825,Consumer,,2022-10-26,Email
C02826,Home Office,Faisalabad,2023-04-16,Email
C02827,Consumer,Faisalabad,2023-09-19,Paid Search
C02828,Consumer,Faisalabad,2024-05-19,Referral
C02829,Consumer,Karachi,2024-05-01,Email
C02830,Consumer,Karachi,2024-10-21,Affiliate
C02831,Consumer,Karachi,2023-10-06,Social Media
C02832,Small Business,Multan,2025-03-11,Referral
C02833,Consumer,Faisalabad,2023-10-02,Organic Search
C02834,Home Office,Lahore,2025-09-07,Organic Search
C02835,Consumer,Lahore,2025-03-04,Paid Search
C02836,Home Office,Faisalabad,2024-02-05,Paid Search
C02837,Consumer,Rawalpindi,2023-03-02,Paid Search
C02838,Consumer,Lahore,2024-12-04,Referral
C02839,Consumer,Gujranwala,2024-08-10,Email
C02840,Consumer,Karachi,2025-03-31,Email
C02841,Consumer,Lahore,2023-10-26,Organic Search
C02842,Small Business,Rawalpindi,2025-04-05,Email
C02843,Home Office,Lahore,2024-01-16,Paid Search
C02844,Consumer,Karachi,2024-11-25,Paid Search
C02845,Consumer,Karachi,2023-10-31,Paid Search
C02846,Consumer,Islamabad,2023-01-24,Social Media
C02847,Small Business,Faisalabad,2024-04-07,Paid Search
C02848,Home Office,Karachi,2024-06-11,Email
C02849,Small Business,Lahore,2023-04-09,Organic Search
C02850,Consumer,Lahore,2022-08-25,Referral
C02851,Home Office,Lahore,2024-06-11,Organic Search
C02852,Consumer,Rawalpindi,2023-02-24,Referral
C02853,Consumer,Faisalabad,2024-04-07,Email
C02854,Small Business,Lahore,2023-09-20,Organic Search
C02855,Consumer,Faisalabad,2024-08-12,Email
C02856,Consumer,Karachi,2023-02-21,Referral
C02857,Consumer,Karachi,2024-04-07,Paid Search
C02858,Home Office,Karachi,2023-12-14,Affiliate
C02859,Consumer,Karachi,2025-11-09,Referral
C02860,Small Business,Peshawar,2023-01-22,Organic Search
C02861,Consumer,Faisalabad,2025-12-05,Referral
C02862,Consumer,Peshawar,2023-01-02,Paid Search
C02863,Consumer,Islamabad,2025-01-04,Paid Search
C02864,Consumer,Gujranwala,2024-03-27,Paid Search
C02865,Consumer,Rawalpindi,2023-01-10,Organic Search
C02866,Consumer,Karachi,2025-09-12,Organic Search
C02867,Consumer,Multan,2023-08-09,Organic Search
C02868,Home Office,Lahore,2023-10-26,Email
C02869,Consumer,Lahore,2025-01-16,Social Media
C02870,Small Business,Karachi,2024-07-17,Referral
C02871,Consumer,Islamabad,2024-09-23,Paid Search
C02872,Consumer,Karachi,2023-06-18,Organic Search
C02873,Home Office,Karachi,2023-08-13,Social Media
C02874,Consumer,Rawalpindi,2025-01-28,Paid Search
C02875,Consumer,Peshawar,2024-07-01,Referral
C02876,Small Business,Peshawar,2024-06-12,Social Media
C02877,Home Office,Peshawar,2024-12-05,Social Media
C02878,Consumer,Multan,2025-01-28,Organic Search
C02879,Small Business,Gujranwala,2024-01-22,Organic Search
C02880,Consumer,Karachi,2024-09-15,Email
C02881,Consumer,Islamabad,2025-10-13,Paid Search
C02882,Consumer,Multan,2023-03-09,Referral
C02883,Consumer,Rawalpindi,2025-06-25,Referral
C02884,Home Office,Lahore,2023-09-19,Paid Search
C02885,Consumer,Lahore,2022-07-22,Referral
C02886,Home Office,Karachi,2025-06-10,Email
C02887,Home Office,Lahore,2023-11-23,Organic Search
C02888,Consumer,Karachi,2022-12-25,Email
C02889,Home Office,Gujranwala,2024-04-20,Referral
C02890,Small Business,Faisalabad,2023-01-23,Paid Search
C02891,Consumer,Islamabad,2023-08-13,Referral
C02892,Consumer,Rawalpindi,2022-11-08,Organic Search
C02893,Consumer,Multan,2023-08-13,Email
C02894,Consumer,Lahore,2022-10-14,Social Media
C02895,Consumer,Rawalpindi,2023-04-15,Social Media
C02896,Home Office,Gujranwala,2024-05-03,Referral
C02897,Home Office,Rawalpindi,2025-02-21,Referral
C02898,Consumer,Lahore,2025-05-10,Referral
C02899,Small Business,Islamabad,2025-06-19,Paid Search
C02900,Home Office,Islamabad,2024-04-03,Paid Search
C02901,Consumer,Gujranwala,2025-07-31,Organic Search
C02902,Home Office,Islamabad,2025-03-10,Email
C02903,Consumer,Karachi,2025-01-16,Paid Search
C02904,Consumer,Islamabad,2024-11-22,Organic Search
C02905,Consumer,Karachi,2024-11-24,Paid Search
C02906,Consumer,Rawalpindi,2024-07-08,Social Media
C02907,Consumer,Peshawar,2024-09-10,Social Media
C02908,Consumer,Lahore,2023-07-25,Organic Search
C02909,Home Office,Lahore,2025-10-03,Email
C02910,Small Business,Lahore,2023-03-22,Social Media
C02911,Consumer,Islamabad,2023-11-10,Organic Search
C02912,Consumer,Rawalpindi,2024-02-19,Email
C02913,Small Business,Multan,2023-07-17,Affiliate
C02914,Consumer,Lahore,2025-12-11,Affiliate
C02915,Small Business,Karachi,2025-06-03,Paid Search
C02916,Consumer,Karachi,2023-11-01,Social Media
C02917,Home Office,Faisalabad,2024-06-14,Paid Search
C02918,Home Office,Rawalpindi,2024-12-11,Organic Search
C02919,Consumer,Lahore,2025-01-29,Paid Search
C02920,Consumer,Lahore,2024-07-18,Affiliate
C02921,Consumer,Karachi,2025-02-16,Paid Search
C02922,Consumer,Peshawar,2025-03-17,Email
C02923,Consumer,,2023-04-26,Affiliate
C02924,Consumer,Karachi,2025-01-01,Email
C02925,Consumer,Peshawar,2022-07-09,Paid Search
C02926,Home Office,Multan,2025-11-05,Email
C02927,Consumer,Karachi,2024-10-20,Organic Search
C02928,Home Office,Lahore,2024-06-15,Social Media
C02929,Home Office,Karachi,2022-07-30,Paid Search
C02930,Consumer,Karachi,2022-12-03,Organic Search
C02931,Consumer,Rawalpindi,2022-10-30,Paid search 
C02932,Home Office,Gujranwala,2022-12-04,Affiliate
C02933,Consumer,Islamabad,2022-11-23,Social Media
C02934,Consumer,Gujranwala,2024-06-12,Email
C02935,Home Office,Peshawar,2023-11-01,Referral
C02936,Small Business,Peshawar,2024-09-10,Organic Search
C02937,Home Office,Karachi,2023-09-29,Social Media
C02938,Small Business,Lahore,2024-02-06,Paid Search
C02939,Consumer,Lahore,2025-02-05,Referral
C02940,Consumer,Lahore,2024-04-28,Email
C02941,Consumer,Karachi,2024-08-21,Paid Search
C02942,Small Business,Karachi,2024-08-03,Organic Search
C02943,Consumer,Karachi,2025-01-07,Email
C02944,Consumer,Karachi,2025-01-02,Paid Search
C02945,Small Business,Karachi,2024-02-10,Organic Search
C02946,Small Business,Multan,2024-01-13,Social Media
C02947,Consumer,Lahore,2025-04-24,Organic Search
C02948,Home Office,Lahore,2023-04-30,Organic Search
C02949,Consumer,Rawalpindi,2024-09-05,Organic Search
C02950,Home Office,Lahore,2023-09-12,Paid Search
C02951,Consumer,Faisalabad,2023-07-17,Organic Search
C02952,Home Office,Karachi,2023-03-03,Social Media
C02953,Consumer,Lahore,2024-11-20,Paid Search
C02954,Consumer,Karachi,2024-12-03,Email
C02955,Consumer,Karachi,2022-12-08,Referral
C02956,Consumer,Faisalabad,2023-02-19,Paid Search
C02957,Consumer,Islamabad,2022-12-21,Affiliate
C02958,Consumer,Karachi,2025-01-27,Referral
C02959,Home Office,Islamabad,2023-02-16,Email
C02960,Consumer,Multan,2025-10-28,Social Media
C02961,Consumer,Gujranwala,2025-07-24,Paid Search
C02962,Consumer,Peshawar,2023-12-17,Paid Search
C02963,Consumer,Karachi,2024-11-06,Paid Search
C02964,Home Office,Gujranwala,2024-10-28,Paid Search
C02965,Consumer,Lahore,2022-06-03,Email
C02966,Home Office,Lahore,2023-01-29,Organic Search
C02967,Small Business,Karachi,2022-10-15,Paid Search
C02968,Consumer,Peshawar,2025-05-29,Affiliate
C02969,Consumer,Faisalabad,2025-12-19,Organic Search
C02970,Home Office,Lahore,2023-08-05,Referral
C02971,Consumer,Islamabad,2025-07-27,Email
C02972,Home Office,Gujranwala,2023-07-26,Organic Search
C02973,Consumer,Lahore,2023-08-06,Paid search 
C02974,Small Business,Karachi,2025-03-22,Social Media
C02975,Consumer,Peshawar,2023-07-09,Social Media
C02976,Consumer,Karachi,2025-04-26,Referral
C02977,Consumer,Peshawar,2023-06-01,Social Media
C02978,Consumer,Karachi,2024-04-19,Social Media
C02979,Small Business,Lahore,2024-03-01,Organic Search
C02980,Consumer,Islamabad,2024-05-09,Referral
C02981,Consumer,Multan,2023-02-24,Paid search 
C02982,Consumer,Rawalpindi,2024-12-23,Referral
C02983,Small Business,Rawalpindi,2025-08-30,Paid Search
C02984,Consumer,Karachi,2024-11-06,Paid Search
C02985,Consumer,Islamabad,2024-04-24,Referral
C02986,Consumer,Lahore,2024-07-09,Paid Search
C02987,Consumer,Islamabad,2023-08-02,Organic Search
C02988,Consumer,Karachi,2025-07-05,Organic Search
C02989,Small Business,Islamabad,2022-11-22,Social Media
C02990,Consumer,Lahore,2024-07-27,Affiliate
C02991,Small Business,Faisalabad,2023-12-25,Organic Search
C02992,Small Business,Peshawar,2022-12-11,Social Media
C02993,Consumer,Lahore,2025-06-23,Paid Search
C02994,Consumer,Karachi,2023-04-10,Social Media
C02995,Consumer,Karachi,2024-11-29,Affiliate
C02996,Small Business,Faisalabad,2022-12-09,Referral
C02997,Home Office,Karachi,2023-07-06,Organic Search
C02998,Consumer,Lahore,2025-01-28,Referral
C02999,Consumer,Gujranwala,2023-10-10,Social Media
C03000,Consumer,Gujranwala,2024-04-07,Affiliate
C03001,Consumer,Gujranwala,2024-11-15,Paid Search
C03002,Small Business,Rawalpindi,2025-07-16,Referral
C03003,Consumer,Lahore,2022-09-01,Social Media
C03004,Consumer,Rawalpindi,2022-10-30,Paid Search
C03005,Consumer,Karachi,2022-09-26,Social Media
C03006,Consumer,Gujranwala,2022-12-28,Paid Search
C03007,Consumer,Karachi,2023-03-01,Social Media
C03008,Consumer,Gujranwala,2025-01-13,Affiliate
C03009,Small Business,Karachi,2022-11-24,Social Media
C03010,Consumer,Rawalpindi,2025-06-27,Referral
C03011,Consumer,Rawalpindi,2023-06-26,Paid Search
C03012,Consumer,Multan,2025-04-30,Referral
C03013,Consumer,Karachi,2023-11-07,Organic Search
C03014,Small Business,Karachi,2025-06-14,Paid Search
C03015,Consumer,Rawalpindi,2023-05-15,Organic Search
C03016,Home Office,Faisalabad,2023-09-11,Email
C03017,Home Office,Karachi,2025-08-10,Social Media
C03018,Consumer,Multan,2024-06-24,Social Media
C03019,Home Office,Karachi,2024-04-25,Paid Search
C03020,Consumer,Lahore,2024-05-31,Affiliate
C03021,Small Business,Islamabad,2023-03-09,Social Media
C03022,Consumer,Lahore,2024-02-13,Organic Search
C03023,Consumer,Islamabad,2024-07-14,Social Media
C03024,Home Office,Gujranwala,2023-07-14,Social Media
C03025,Small Business,Multan,2022-08-31,Organic Search
C03026,Consumer,Islamabad,2024-10-13,Referral
C03027,Small Business,Lahore,2025-09-11,Organic Search
C03028,Consumer,Karachi,2025-04-24,Organic Search
C03029,Consumer,Islamabad,2025-09-24,Affiliate
C03030,Small Business,Faisalabad,2024-10-12,Social Media
C03031,Consumer,Faisalabad,2024-11-12,Affiliate
C03032,Consumer,,2024-09-28,Referral
C03033,Consumer,Islamabad,2023-12-01,Email
C03034,Small Business,Karachi,2023-02-10,Organic Search
C03035,Consumer,Lahore,2025-03-18,Paid Search
C03036,Small Business,Multan,2024-06-13,Paid Search
C03037,Small Business,Karachi,2024-03-16,Paid Search
C03038,Small Business,Islamabad,2025-05-24,Email
C03039,Home Office,Faisalabad,2023-06-15,Email
C03040,Consumer,Peshawar,2024-10-01,Social Media
C03041,Home Office,Multan,2024-04-17,Referral
C03042,Consumer,Lahore,2025-06-14,Referral
C03043,Small Business,Karachi,2023-03-09,Organic Search
C03044,Small Business,Islamabad,2022-12-07,Email
C03045,Consumer,Gujranwala,2023-01-26,Social Media
C03046,Consumer,Islamabad,2023-08-04,Paid Search
C03047,Small Business,Rawalpindi,2022-11-02,Organic Search
C03048,Consumer,Gujranwala,2024-03-06,Organic Search
C03049,Small Business,Karachi,2024-06-02,Email
C03050,Consumer,Multan,2023-02-04,Email
C03051,Consumer,Karachi,2022-06-16,Email
C03052,Consumer,Karachi,2022-12-22,Email
C03053,Consumer,Islamabad,2023-10-03,Social Media
C03054,Consumer,Karachi,2025-06-20,Paid Search
C03055,Consumer,Karachi,2024-09-27,Affiliate
C03056,Consumer,Islamabad,2024-03-20,Organic Search
C03057,Home Office,,2023-04-28,Social Media
C03058,Consumer,Gujranwala,2024-08-18,Referral
C03059,Consumer,Karachi,2023-12-17,Paid Search
C03060,Small Business,Lahore,2023-03-03,Referral
C03061,Home Office,Rawalpindi,2025-01-27,Social Media
C03062,Consumer,Lahore,2023-03-06,Organic Search
C03063,Consumer,Rawalpindi,2023-12-21,Organic Search
C03064,Home Office,Islamabad,2023-08-15,Affiliate
C03065,Consumer,Karachi,2025-12-04,Organic Search
C03066,Consumer,Karachi,2024-10-31,Referral
C03067,Small Business,Karachi,2022-08-21,Organic Search
C03068,Consumer,Gujranwala,2023-03-10,Organic Search
C03069,Consumer,,2025-03-25,Social Media
C03070,Consumer,Lahore,2024-03-17,Social Media
C03071,Consumer,Faisalabad,2023-04-11,social media
C03072,Consumer,Rawalpindi,2024-01-12,Paid Search
C03073,Consumer,Karachi,2023-12-20,Organic Search
C03074,Small Business,Gujranwala,2022-07-03,Organic Search
C03075,Consumer,Peshawar,2025-06-27,Organic Search
C03076,Home Office,Multan,2023-03-07,Paid Search
C03077,Small Business,Karachi,2022-11-16,Referral
C03078,Consumer,Multan,2024-02-13,Organic Search
C03079,Consumer,Faisalabad,2025-06-23,Email
C03080,Consumer,Multan,2022-11-28,Referral
C03081,Consumer,Multan,2025-07-14,Paid Search
C03082,Small Business,Rawalpindi,2024-07-03,Organic Search
C03083,Consumer,Faisalabad,2024-10-10,Social Media
C03084,Small Business,Karachi,2023-07-02,Organic Search
C03085,Consumer,Lahore,2023-10-17,Organic Search
C03086,Consumer,Karachi,2025-10-10,Paid Search
C03087,Consumer,Islamabad,2023-01-22,Social Media
C03088,Consumer,Karachi,2023-11-10,Social Media
C03089,Consumer,Lahore,2025-11-01,Paid Search
C03090,Home Office,Karachi,2022-08-31,Paid Search
C03091,Consumer,Lahore,2023-10-04,Social Media
C03092,Small Business,Lahore,2023-11-07,Organic Search
C03093,Consumer,Multan,2023-06-26,Social Media
C03094,Consumer,Faisalabad,2024-10-16,Social Media
C03095,Consumer,Lahore,2023-07-14,Referral
C03096,Consumer,Islamabad,2022-08-19,Referral
C03097,Small Business,Rawalpindi,2022-09-07,Affiliate
C03098,Consumer,Lahore,2024-08-10,Organic Search
C03099,Consumer,Multan,2024-12-03,Social Media
C03100,Consumer,Multan,2024-09-23,Paid Search
C03101,Small Business,Lahore,2024-05-31,Paid Search
C03102,Consumer,Gujranwala,2022-09-25,Organic Search
C03103,Consumer,Lahore,2022-09-20,Organic Search
C03104,Home Office,Rawalpindi,2024-09-03,Social Media
C03105,Consumer,Karachi,2023-05-24,Social Media
C03106,Consumer,Islamabad,2025-10-26,Referral
C03107,Small Business,Rawalpindi,2023-03-30,Referral
C03108,Small Business,Lahore,2024-05-25,Email
C03109,Home Office,Karachi,2025-05-13,Affiliate
C03110,Consumer,Karachi,2024-09-22,Social Media
C03111,Consumer,Karachi,2022-09-28,Organic Search
C03112,Small Business,Islamabad,2025-04-10,Social Media
C03113,Consumer,Multan,2023-02-04,Referral
C03114,Consumer,Karachi,2024-02-08,Email
C03115,Consumer,Lahore,2024-04-11,Social Media
C03116,Home Office,Lahore,2024-12-07,Email
C03117,Consumer,Lahore,2024-10-28,Referral
C03118,Consumer,Karachi,2022-12-18,Paid Search
C03119,Small Business,Lahore,2024-12-01,Referral
C03120,Small Business,Karachi,2023-08-26,Social Media
C03121,Consumer,Islamabad,2025-01-30,Paid Search
C03122,Small Business,Faisalabad,2024-06-18,Email
C03123,Small Business,Karachi,2024-03-11,Paid Search
C03124,Consumer,Faisalabad,2023-02-11,Paid Search
C03125,Consumer,Lahore,2022-09-30,Paid Search
C03126,Small Business,Rawalpindi,2022-07-01,Paid Search
C03127,Home Office,Karachi,2023-12-31,Referral
C03128,Consumer,Multan,2025-07-12,Organic Search
C03129,Consumer,Lahore,2024-05-16,Referral
C03130,Home Office,Multan,2022-12-20,Paid Search
C03131,Consumer,Faisalabad,2025-07-08,Organic Search
C03132,Small Business,Gujranwala,2023-11-27,Affiliate
C03133,Consumer,Karachi,2025-08-03,Social Media
C03134,Home Office,Rawalpindi,2023-12-19,Social Media
C03135,Consumer,Karachi,2025-11-06,Organic Search
C03136,Consumer,Lahore,2025-09-04,Social Media
C03137,Consumer,Karachi,2025-12-20,Paid Search
C03138,Small Business,Multan,2023-05-05,social media
C03139,Small Business,Islamabad,2023-02-16,Email
C03140,Consumer,Faisalabad,2025-01-02,Organic Search
C03141,Consumer,Lahore,2024-02-04,Organic Search
C03142,Home Office,Karachi,2022-11-04,Email
C03143,Small Business,Multan,2024-05-23,Social Media
C03144,Small Business,Islamabad,2023-10-03,Social Media
C03145,Consumer,Rawalpindi,2025-02-09,Referral
C03146,Small Business,Multan,2023-03-19,Email
C03147,Home Office,Lahore,2024-08-11,Organic Search
C03148,Home Office,Lahore,2025-04-18,Social Media
C03149,Consumer,Multan,2025-12-09,Paid Search
C03150,Consumer,Islamabad,2023-01-29,Organic Search
C03151,Home Office,Karachi,2023-02-25,Organic Search
C03152,Small Business,Islamabad,2023-06-16,Organic Search
C03153,Consumer,Karachi,2024-05-20,Paid Search
C03154,Consumer,Rawalpindi,2022-08-10,Organic Search
C03155,Consumer,Lahore,2022-07-29,Organic Search
C03156,Consumer,Lahore,2023-04-26,Affiliate
C03157,Consumer,Peshawar,2024-03-08,Email
C03158,Home Office,Lahore,2023-06-18,Email
C03159,Home Office,Lahore,2023-06-04,Paid Search
C03160,Small Business,Lahore,2023-09-20,Referral
C03161,Home Office,Multan,2023-08-28,Organic Search
C03162,Consumer,Peshawar,2022-09-15,Affiliate
C03163,Small Business,Multan,2024-07-23,Organic Search
C03164,Consumer,Karachi,2024-08-08,Referral
C03165,Consumer,Lahore,2025-02-20,Organic Search
C03166,Small Business,Multan,2025-01-13,Paid Search
C03167,Home Office,Lahore,2025-08-22,Organic Search
C03168,Consumer,Rawalpindi,2025-12-02,Email
C03169,Small Business,Rawalpindi,2025-01-11,Referral
C03170,Consumer,Karachi,2025-09-02,Social Media
C03171,Consumer,Karachi,2025-02-05,Paid Search
C03172,Home Office,Karachi,2023-06-24,Paid Search
C03173,Consumer,Islamabad,2023-05-31,Referral
C03174,Home Office,Karachi,2025-06-20,Organic Search
C03175,Consumer,Faisalabad,2024-05-31,Referral
C03176,Home Office,Gujranwala,2024-08-24,Referral
C03177,Consumer,Karachi,2022-10-14,Paid Search
C03178,Home Office,Karachi,2022-12-18,Organic Search
C03179,Home Office,Lahore,2025-12-08,Organic Search
C03180,Consumer,Lahore,2023-05-01,Referral
C03181,Consumer,Lahore,2022-06-14,Organic Search
C03182,Consumer,Rawalpindi,2024-01-10,Organic Search
C03183,Consumer,Peshawar,2024-12-31,Email
C03184,Consumer,Lahore,2025-03-01,Referral
C03185,Home Office,Karachi,2022-07-21,Organic Search
C03186,Small Business,Faisalabad,2025-02-12,Organic Search
C03187,Consumer,Karachi,2025-05-10,Affiliate
C03188,Home Office,Lahore,2024-05-10,Email
C03189,Consumer,Lahore,2025-12-04,Paid Search
C03190,Consumer,Lahore,2023-07-11,Organic Search
C03191,Consumer,Faisalabad,2022-10-19,Paid Search
C03192,Consumer,Karachi,2023-01-20,Paid Search
C03193,Home Office,Karachi,2023-12-30,Paid Search
C03194,Consumer,Lahore,2023-07-31,Paid search 
C03195,Consumer,Faisalabad,2024-01-14,Email
C03196,Consumer,Islamabad,2022-07-03,Social Media
C03197,Consumer,Gujranwala,2023-11-12,Social Media
C03198,Consumer,Lahore,2025-03-11,Organic Search
C03199,Home Office,Islamabad,2025-08-03,Referral
C03200,Small Business,Gujranwala,2024-12-15,Organic Search
C03201,Consumer,Lahore,2022-06-16,Organic Search
C03202,Consumer,Rawalpindi,2025-09-28,Paid Search
C03203,Small Business,Rawalpindi,2022-08-21,Social Media
C03204,Home Office,Karachi,2024-11-05,Paid Search
C03205,Home Office,Faisalabad,2024-10-23,Organic Search
C03206,Consumer,Lahore,2025-09-27,Social Media
C03207,Consumer,Karachi,2024-11-29,Organic Search
C03208,Consumer,Karachi,2023-05-29,Affiliate
C03209,Consumer,Lahore,2023-02-25,Affiliate
C03210,Consumer,Lahore,2022-07-27,Paid Search
C03211,Consumer,Karachi,2025-07-16,Organic Search
C03212,Consumer,Peshawar,2022-07-11,Organic Search
C03213,Small Business,Faisalabad,2023-07-28,Email
C03214,Consumer,Rawalpindi,2023-06-12,Email
C03215,Consumer,Rawalpindi,2022-11-11,Organic Search
C03216,Consumer,Multan,2022-06-19,Social Media
C03217,Small Business,Lahore,2025-07-24,Email
C03218,Small Business,Karachi,2025-01-01,Referral
C03219,Home Office,Karachi,2024-03-26,Affiliate
C03220,Consumer,Rawalpindi,2022-12-14,Paid Search
C03221,Small Business,Islamabad,2025-04-13,Organic Search
C03222,Consumer,Karachi,2025-09-03,Social Media
C03223,Consumer,Islamabad,2023-07-11,Social Media
C03224,Consumer,Peshawar,2022-06-20,Paid Search
C03225,Consumer,Karachi,2024-04-14,Affiliate
C03226,Consumer,Lahore,2022-08-30,Social Media
C03227,Home Office,Karachi,2023-05-22,Paid Search
C03228,Small Business,Gujranwala,2024-12-04,Social Media
C03229,Home Office,Islamabad,2025-03-21,Social Media
C03230,Consumer,Lahore,2024-07-25,Organic Search
C03231,Home Office,Rawalpindi,2025-07-20,Affiliate
C03232,Consumer,Faisalabad,2025-03-30,Organic Search
C03233,Consumer,Multan,2024-03-23,Referral
C03234,Home Office,Islamabad,2025-09-20,Organic Search
C03235,Home Office,Islamabad,2025-07-16,Social Media
C03236,Consumer,Faisalabad,2024-09-09,Paid Search
C03237,Consumer,Rawalpindi,2023-01-21,Paid Search
C03238,Consumer,Gujranwala,2024-08-08,Organic Search
C03239,Home Office,Multan,2022-11-28,Paid Search
C03240,Consumer,Lahore,2025-01-26,Organic Search
C03241,Consumer,Faisalabad,2025-02-21,Social Media
C03242,Home Office,Lahore,2023-05-03,Organic Search
C03243,Consumer,Lahore,2023-12-03,Organic Search
C03244,Consumer,Peshawar,2023-05-07,Organic Search
C03245,Consumer,Faisalabad,2024-08-06,Affiliate
C03246,Small Business,Lahore,2022-06-02,Paid Search
C03247,Consumer,Islamabad,2023-01-20,Organic Search
C03248,Home Office,Karachi,2023-04-20,Paid Search
C03249,Consumer,Rawalpindi,2022-08-05,social media
C03250,Consumer,Rawalpindi,2025-01-01,Organic Search
C03251,Consumer,Multan,2022-06-11,Referral
C03252,Consumer,Lahore,2025-02-28,Social Media
C03253,Home Office,Multan,2024-05-13,Organic Search
C03254,Consumer,Faisalabad,2024-02-28,Organic Search
C03255,Consumer,Karachi,2024-05-21,Social Media
C03256,Consumer,Karachi,2025-06-17,Organic Search
C03257,Consumer,Karachi,2022-09-09,Paid Search
C03258,Consumer,Islamabad,2024-08-13,Paid Search
C03259,Small Business,Rawalpindi,2023-06-01,Organic Search
C03260,Small Business,Islamabad,2023-12-07,Organic Search
C03261,Home Office,Lahore,2025-05-14,Social Media
C03262,Consumer,Lahore,2025-06-16,Affiliate
C03263,Home Office,Islamabad,2024-09-10,Referral
C03264,Consumer,Rawalpindi,2025-08-26,Organic Search
C03265,Consumer,Faisalabad,2023-06-22,Paid Search
C03266,Consumer,Faisalabad,2023-02-18,Affiliate
C03267,Consumer,Karachi,2024-05-24,Organic Search
C03268,Consumer,Lahore,2024-05-02,Affiliate
C03269,Consumer,Faisalabad,2024-08-10,Affiliate
C03270,Consumer,Rawalpindi,2024-05-04,Organic Search
C03271,Consumer,Peshawar,2024-11-19,Affiliate
C03272,Small Business,Lahore,2023-03-06,Social Media
C03273,Consumer,Lahore,2025-11-22,Social Media
C03274,Home Office,Islamabad,2023-07-03,Email
C03275,Small Business,Rawalpindi,2023-08-09,Email
C03276,Small Business,Lahore,2023-04-23,Affiliate
C03277,Home Office,Lahore,2025-10-08,Organic Search
C03278,Home Office,Lahore,2023-10-24,Paid Search
C03279,Home Office,Karachi,2023-10-08,Referral
C03280,Consumer,Lahore,2024-05-22,Social Media
C03281,Consumer,Faisalabad,2025-05-24,Paid Search
C03282,Consumer,Multan,2025-08-02,Social Media
C03283,Home Office,Islamabad,2023-11-24,Organic Search
C03284,Home Office,Lahore,2024-05-24,Organic Search
C03285,Small Business,Karachi,2025-09-13,Social Media
C03286,Home Office,Rawalpindi,2022-11-23,Social Media
C03287,Consumer,Rawalpindi,2025-07-23,Social Media
C03288,Consumer,Karachi,2023-07-01,Paid Search
C03289,Home Office,Lahore,2022-07-02,Paid Search
C03290,Consumer,Islamabad,2023-07-18,Paid Search
C03291,Home Office,Faisalabad,2024-02-29,Paid Search
C03292,Consumer,Gujranwala,2025-05-05,Organic Search
C03293,Consumer,Islamabad,2025-08-13,Referral
C03294,Consumer,Rawalpindi,2025-04-08,Affiliate
C03295,Consumer,Gujranwala,2022-07-24,Referral
C03296,Home Office,Lahore,2024-05-29,Organic Search
C03297,Home Office,Karachi,2023-10-05,Social Media
C03298,Consumer,Gujranwala,2022-08-20,Social Media
C03299,Consumer,Karachi,2024-08-09,Social Media
C03300,Consumer,Karachi,2025-11-09,Paid Search
C03301,Consumer,Peshawar,2024-03-23,Paid Search
C03302,Consumer,Peshawar,2025-01-01,Social Media
C03303,Consumer,Islamabad,2024-08-11,Email
C03304,Consumer,Karachi,2023-09-04,Referral
C03305,Home Office,Rawalpindi,2025-10-22,Organic Search
C03306,Consumer,Lahore,2024-04-15,Referral
C03307,Consumer,Lahore,2022-09-13,Affiliate
C03308,Small Business,Islamabad,2024-12-24,Paid Search
C03309,Consumer,Islamabad,2022-12-29,Paid Search
C03310,Consumer,Lahore,2025-09-17,Paid Search
C03311,Consumer,Faisalabad,2024-06-29,Organic Search
C03312,Consumer,Islamabad,2022-12-02,Paid Search
C03313,Home Office,Lahore,2025-07-27,Paid Search
C03314,Home Office,Lahore,2025-08-04,Paid Search
C03315,Consumer,Karachi,2025-08-21,Social Media
C03316,Consumer,Karachi,2023-12-10,Organic Search
C03317,Consumer,Multan,2024-02-24,Organic Search
C03318,Consumer,Lahore,2025-11-12,Email
C03319,Home Office,Gujranwala,2022-10-01,Paid Search
C03320,Consumer,Rawalpindi,2024-02-25,Organic Search
C03321,Consumer,Rawalpindi,2024-08-21,Social Media
C03322,Consumer,Lahore,2025-04-07,Organic Search
C03323,Consumer,Karachi,2023-06-02,Email
C03324,Consumer,Islamabad,2025-05-28,Organic Search
C03325,Consumer,Multan,2022-11-10,Paid Search
C03326,Consumer,Faisalabad,2024-07-15,Paid Search
C03327,Small Business,Faisalabad,2023-06-02,Paid Search
C03328,Home Office,Peshawar,2024-12-18,Social Media
C03329,Consumer,Lahore,2024-06-16,Organic Search
C03330,Consumer,Islamabad,2024-07-20,Social Media
C03331,Consumer,Lahore,2024-11-22,Email
C03332,Home Office,Gujranwala,2022-11-06,Referral
C03333,Consumer,Karachi,2025-08-18,Organic Search
C03334,Consumer,Karachi,2024-09-13,Affiliate
C03335,Consumer,Karachi,2023-06-02,Paid Search
C03336,Consumer,Islamabad,2024-06-04,Social Media
C03337,Consumer,Rawalpindi,2023-10-31,Paid Search
C03338,Home Office,Gujranwala,2024-03-13,Paid Search
C03339,Consumer,Faisalabad,2023-04-27,Referral
C03340,Consumer,Peshawar,2023-06-10,Paid Search
C03341,Home Office,Islamabad,2024-01-29,Paid Search
C03342,Consumer,Karachi,2024-05-15,Paid Search
C03343,Home Office,Gujranwala,2023-02-22,Email
C03344,Small Business,Peshawar,2025-04-22,Email
C03345,Consumer,Lahore,2023-10-14,Organic Search
C03346,Consumer,Karachi,2024-12-08,Affiliate
C03347,Home Office,Lahore,2024-07-31,Social Media
C03348,Home Office,Rawalpindi,2022-10-26,Affiliate
C03349,Consumer,Multan,2025-02-14,Social Media
C03350,Consumer,Faisalabad,2025-12-02,Paid Search
C03351,Consumer,Karachi,2025-03-03,Affiliate
C03352,Small Business,Lahore,2023-05-12,Affiliate
C03353,Consumer,Lahore,2025-05-06,Email
C03354,Consumer,Peshawar,2022-07-02,Email
C03355,Consumer,Lahore,2025-11-07,Paid Search
C03356,Home Office,Lahore,2024-02-06,Organic Search
C03357,Consumer,Karachi,2023-02-11,Organic Search
C03358,Home Office,Lahore,2025-08-09,Organic Search
C03359,Home Office,Karachi,2024-03-10,Paid Search
C03360,Consumer,Gujranwala,2024-04-01,Referral
C03361,Consumer,Lahore,2025-07-07,Social Media
C03362,Consumer,Peshawar,2023-11-01,Organic Search
C03363,Small Business,Peshawar,2025-05-25,Organic Search
C03364,Consumer,Gujranwala,2022-06-30,Referral
C03365,Consumer,Lahore,2024-08-20,Affiliate
C03366,Consumer,Lahore,2024-05-27,Social Media
C03367,Consumer,Karachi,2025-08-21,Paid Search
C03368,Small Business,Islamabad,2025-09-22,Affiliate
C03369,Home Office,Rawalpindi,2023-09-14,Organic Search
C03370,Consumer,Islamabad,2023-05-10,Referral
C03371,Small Business,Gujranwala,2024-07-19,Paid Search
C03372,Home Office,Gujranwala,2025-04-23,Organic Search
C03373,Home Office,Islamabad,2023-01-26,Affiliate
C03374,Small Business,Gujranwala,2024-06-14,Organic Search
C03375,Consumer,Karachi,2022-07-04,Social Media
C03376,Consumer,Rawalpindi,2025-05-21,Organic Search
C03377,Consumer,Faisalabad,2025-04-04,Social Media
C03378,Consumer,Lahore,2023-12-16,Organic Search
C03379,Consumer,Lahore,2025-05-22,Social Media
C03380,Consumer,Islamabad,2022-07-17,Paid Search
C03381,Consumer,Peshawar,2023-10-06,Organic Search
C03382,Home Office,Karachi,2022-09-04,Social Media
C03383,Consumer,Lahore,2025-07-25,Affiliate
C03384,Consumer,Lahore,2025-07-02,Affiliate
C03385,Consumer,Multan,2022-09-03,Referral
C03386,Home Office,Gujranwala,2023-08-01,Organic Search
C03387,Consumer,Faisalabad,2025-01-09,Social Media
C03388,Home Office,Lahore,2024-04-30,Paid Search
C03389,Home Office,Rawalpindi,2024-02-28,Organic Search
C03390,Consumer,Multan,2025-04-28,Organic Search
C03391,Consumer,Islamabad,2025-08-07,Organic Search
C03392,Consumer,Peshawar,2022-11-12,Organic Search
C03393,Small Business,Karachi,2024-11-25,Social Media
C03394,Consumer,Lahore,2024-09-02,Paid Search
C03395,Home Office,Islamabad,2025-04-13,Organic Search
C03396,Consumer,Gujranwala,2023-01-09,Email
C03397,Consumer,Islamabad,2023-10-15,Referral
C03398,Home Office,Multan,2025-07-18,Paid Search
C03399,Consumer,Islamabad,2022-06-16,Organic Search
C03400,Home Office,Karachi,2022-08-03,Paid Search
C03401,Consumer,Rawalpindi,2024-10-22,Organic Search
C03402,Home Office,Karachi,2022-07-16,Email
C03403,Consumer,Karachi,2025-03-06,Organic Search
C03404,Consumer,Multan,2022-10-27,Email
C03405,Small Business,Karachi,2024-12-23,Organic Search
C03406,Consumer,Islamabad,2022-07-27,Organic Search
C03407,Consumer,Rawalpindi,2022-08-27,Organic Search
C03408,Home Office,Lahore,2022-09-10,Paid Search
C03409,Small Business,Islamabad,2022-07-06,Paid Search
C03410,Consumer,Gujranwala,2023-08-31,Paid Search
C03411,Home Office,Islamabad,2023-07-17,Affiliate
C03412,Home Office,Lahore,2024-01-06,Organic Search
C03413,Small Business,Lahore,2023-09-24,Organic Search
C03414,Home Office,Karachi,2024-06-19,Email
C03415,Consumer,Lahore,2023-06-14,Referral
C03416,Consumer,Rawalpindi,2023-02-19,Organic Search
C03417,Consumer,Faisalabad,2025-05-25,Paid Search
C03418,Consumer,Islamabad,2023-04-29,Paid Search
C03419,Consumer,Karachi,2024-04-08,Organic Search
C03420,Consumer,Gujranwala,2024-12-14,Referral
C03421,Consumer,Lahore,2024-03-25,Organic Search
C03422,Home Office,Karachi,2022-06-22,Paid search 
C03423,Home Office,Karachi,2023-07-29,Affiliate
C03424,Small Business,Multan,2023-01-10,Paid Search
C03425,Consumer,Peshawar,2024-10-28,Paid Search
C03426,Home Office,Gujranwala,2024-08-27,Paid search 
C03427,Consumer,Faisalabad,2025-05-31,Referral
C03428,Consumer,Karachi,2024-09-30,Email
C03429,Consumer,Gujranwala,2024-11-16,Paid Search
C03430,Home Office,Lahore,2023-12-21,Paid Search
C03431,Home Office,Peshawar,2023-08-17,Referral
C03432,Consumer,Islamabad,2024-04-11,Email
C03433,Consumer,Gujranwala,2024-05-17,Affiliate
C03434,Consumer,Karachi,2025-05-21,Paid Search
C03435,Consumer,Faisalabad,2024-04-30,Email
C03436,Consumer,Lahore,2024-06-17,Affiliate
C03437,Consumer,Lahore,2023-04-27,Organic Search
C03438,Consumer,Faisalabad,2025-08-01,Affiliate
C03439,Small Business,Islamabad,2022-08-08,Social Media
C03440,Consumer,Karachi,2025-05-02,Affiliate
C03441,Small Business,Islamabad,2025-12-19,Organic Search
C03442,Consumer,Karachi,2025-04-06,Organic Search
C03443,Consumer,Karachi,2024-02-15,Paid search 
C03444,Consumer,Lahore,2023-01-18,Organic Search
C03445,Consumer,Peshawar,2023-08-31,Email
C03446,Consumer,Faisalabad,2023-11-26,Referral
C03447,Home Office,Rawalpindi,2023-09-28,Referral
C03448,Consumer,Peshawar,2023-06-07,Paid Search
C03449,Consumer,Peshawar,2023-07-06,Email
C03450,Consumer,Faisalabad,2023-05-12,Email
C03451,Consumer,Karachi,2025-08-28,Paid Search
C03452,Consumer,Lahore,2024-01-13,Paid Search
C03453,Consumer,Rawalpindi,2025-06-04,Referral
C03454,Consumer,Lahore,2023-07-07,Referral
C03455,Consumer,Faisalabad,2024-08-01,Organic Search
C03456,Consumer,Karachi,2023-03-05,Organic Search
C03457,Home Office,Islamabad,2024-04-06,Email
C03458,Consumer,Karachi,2024-07-13,Affiliate
C03459,Small Business,Lahore,2023-03-25,Organic Search
C03460,Consumer,Lahore,2022-09-29,Referral
C03461,Consumer,Lahore,2024-10-17,Referral
C03462,Consumer,Lahore,2023-09-03,Paid Search
C03463,Home Office,Karachi,2025-12-15,Social Media
C03464,Consumer,Islamabad,2024-04-06,Affiliate
C03465,Consumer,Karachi,2025-06-16,Social Media
C03466,Consumer,Islamabad,2024-02-27,Organic Search
C03467,Consumer,Faisalabad,2024-01-23,Referral
C03468,Home Office,Karachi,2023-10-30,Paid Search
C03469,Consumer,Karachi,2022-12-15,Social Media
C03470,Consumer,Karachi,2023-09-05,Organic Search
C03471,Consumer,Lahore,2023-05-08,Referral
C03472,Consumer,Peshawar,2024-07-01,Organic Search
C03473,Consumer,Lahore,2024-09-01,Organic Search
C03474,Consumer,Lahore,2022-10-23,Paid Search
C03475,Consumer,Rawalpindi,2022-10-31,Email
C03476,Consumer,Rawalpindi,2022-06-18,Paid Search
C03477,Consumer,Lahore,2024-03-29,Paid Search
C03478,Consumer,Peshawar,2023-12-16,Email
C03479,Home Office,Gujranwala,2024-08-12,Email
C03480,Consumer,Lahore,2025-12-17,Organic Search
C03481,Consumer,Islamabad,2022-07-11,social media
C03482,Home Office,Islamabad,2025-04-25,Paid Search
C03483,Consumer,Rawalpindi,2023-08-28,Social Media
C03484,Consumer,Lahore,2024-02-06,Organic Search
C03485,Consumer,Lahore,2024-05-24,Referral
C03486,Consumer,Karachi,2022-11-08,Affiliate
C03487,Small Business,Islamabad,2023-07-20,Organic Search
C03488,Consumer,Islamabad,2025-02-07,Affiliate
C03489,Consumer,Multan,2022-09-27,Paid Search
C03490,Small Business,Islamabad,2022-07-14,Social Media
C03491,Small Business,Rawalpindi,2025-04-06,Affiliate
C03492,Consumer,Karachi,2024-09-03,Paid Search
C03493,Home Office,Islamabad,2025-06-03,Social Media
C03494,Consumer,Lahore,2024-07-21,Organic Search
C03495,Consumer,,2023-10-12,Organic Search
C03496,Consumer,Gujranwala,2023-03-29,Social Media
C03497,Home Office,Multan,2022-10-14,Social Media
C03498,Consumer,Karachi,2023-11-29,Paid Search
C03499,Consumer,Karachi,2025-10-13,Email
C03500,Consumer,Gujranwala,2023-06-26,Affiliate
C03501,Consumer,Karachi,2023-12-21,Paid Search
C03502,Consumer,Lahore,2023-02-26,Paid Search
C03503,Consumer,Faisalabad,2023-03-03,Email
C03504,Consumer,Karachi,2025-08-22,Organic Search
C03505,Home Office,Lahore,2025-11-14,Referral
C03506,Consumer,Lahore,2024-05-02,Paid Search
C03507,Consumer,Islamabad,2023-08-16,Email
C03508,Consumer,Islamabad,2022-12-14,Affiliate
C03509,Small Business,Gujranwala,2025-10-04,Paid Search
C03510,Home Office,Karachi,2025-10-20,Referral
C03511,Consumer,Lahore,2024-01-19,social media
C03512,Consumer,Multan,2024-12-14,Email
C03513,Home Office,Faisalabad,2025-08-10,Paid Search
C03514,Home Office,Islamabad,2023-12-18,Affiliate
C03515,Consumer,Islamabad,2023-01-30,Paid Search
C03516,Consumer,Rawalpindi,2024-01-24,Social Media
C03517,Consumer,Faisalabad,2023-07-27,Social Media
C03518,Home Office,Karachi,2025-10-18,Paid Search
C03519,Home Office,Karachi,2024-06-08,Organic Search
C03520,Consumer,Rawalpindi,2024-04-04,Social Media
C03521,Home Office,Faisalabad,2023-12-24,Social Media
C03522,Consumer,Karachi,2023-04-02,Referral
C03523,Consumer,Karachi,2022-10-08,Social Media
C03524,Consumer,Karachi,2023-11-02,Affiliate
C03525,Consumer,Rawalpindi,2024-08-04,Organic Search
C03526,Consumer,Gujranwala,2023-05-10,Social Media
C03527,Consumer,Karachi,2023-02-09,Affiliate
C03528,Small Business,Islamabad,2025-09-19,Email
C03529,Small Business,,2022-09-01,Email
C03530,Consumer,Rawalpindi,2025-05-05,Social Media
C03531,Small Business,Karachi,2022-10-10,Organic Search
C03532,Consumer,Faisalabad,2024-12-17,Referral
C03533,Consumer,Lahore,2023-01-20,Email
C03534,Consumer,Peshawar,2023-01-31,Referral
C03535,Small Business,Lahore,2023-09-20,Email
C03536,Consumer,Rawalpindi,2023-01-05,Social Media
C03537,Home Office,Karachi,2024-05-29,Email
C03538,Home Office,Lahore,2024-06-04,Email
C03539,Consumer,Rawalpindi,2023-02-25,Paid Search
C03540,Consumer,Islamabad,2025-12-15,Paid Search
C03541,Home Office,Rawalpindi,2024-09-04,Social Media
C03542,Home Office,Multan,2022-10-16,Affiliate
C03543,Consumer,Peshawar,2024-05-17,Affiliate
C03544,Consumer,Lahore,2022-07-09,Organic Search
C03545,Consumer,Karachi,2023-02-05,Organic Search
C03546,Consumer,Faisalabad,2025-01-02,Social Media
C03547,Consumer,Lahore,2023-06-12,Affiliate
C03548,Consumer,Gujranwala,2022-11-25,Organic Search
C03549,Home Office,Gujranwala,2022-07-23,Social Media
C03550,Small Business,Gujranwala,2022-06-18,Referral
C03551,Consumer,Multan,2023-09-07,Social Media
C03552,Consumer,Islamabad,2025-05-02,Affiliate
C03553,Consumer,Lahore,2025-01-17,Referral
C03554,Small Business,Karachi,2022-10-25,social media
C03555,Small Business,Karachi,2025-06-24,Social Media
C03556,Consumer,Karachi,2025-05-14,Organic Search
C03557,Home Office,Multan,2023-09-28,Affiliate
C03558,Small Business,Gujranwala,2025-10-10,Paid Search
C03559,Home Office,Multan,2023-09-23,Affiliate
C03560,Home Office,Islamabad,2023-05-17,Referral
C03561,Home Office,Gujranwala,2025-01-03,Paid Search
C03562,Home Office,Karachi,2024-11-25,Email
C03563,Consumer,Karachi,2025-04-27,Referral
C03564,Small Business,Islamabad,2025-09-24,Social Media
C03565,Small Business,Peshawar,2023-01-08,Paid Search
C03566,Small Business,Lahore,2022-06-29,Referral
C03567,Consumer,Karachi,2023-03-02,Paid Search
C03568,Consumer,Islamabad,2025-11-24,Email
C03569,Consumer,Lahore,2022-10-08,Referral
C03570,Consumer,Karachi,2025-02-23,Referral
C03571,Consumer,Lahore,2024-08-22,Paid Search
C03572,Consumer,Gujranwala,2024-02-28,Social Media
C03573,Consumer,Lahore,2024-10-11,Paid Search
C03574,Consumer,Karachi,2022-12-23,Referral
C03575,Home Office,Lahore,2023-09-28,Paid Search
C03576,Consumer,Peshawar,2024-03-05,Paid Search
C03577,Consumer,Islamabad,2025-09-15,Organic Search
C03578,Small Business,Faisalabad,2023-01-04,Affiliate
C03579,Home Office,Lahore,2025-04-30,Paid Search
C03580,Consumer,Islamabad,2023-03-13,Social Media
C03581,Home Office,Multan,2025-03-30,Paid Search
C03582,Consumer,Karachi,2025-10-13,Social Media
C03583,Consumer,Peshawar,2025-03-28,Paid Search
C03584,Consumer,Rawalpindi,2022-07-29,Organic Search
C03585,Home Office,Lahore,2024-12-25,Social Media
C03586,Consumer,Peshawar,2022-08-13,Organic Search
C03587,Small Business,Gujranwala,2023-12-15,Social Media
C03588,Home Office,Islamabad,2023-09-27,Email
C03589,Consumer,Karachi,2022-12-03,Organic Search
C03590,Consumer,Karachi,2025-08-02,Social Media
C03591,Home Office,Islamabad,2022-06-26,Referral
C03592,Small Business,Peshawar,2025-09-17,Social Media
C03593,Small Business,Multan,2022-12-14,Organic Search
C03594,Consumer,Lahore,2023-03-24,Social Media
C03595,Home Office,Karachi,2024-01-06,Organic Search
C03596,Consumer,Islamabad,2023-01-02,Organic Search
C03597,Consumer,Multan,2022-06-25,Referral
C03598,Consumer,Gujranwala,2023-03-21,Social Media
C03599,Consumer,Rawalpindi,2025-09-25,Referral
C03600,Consumer,Karachi,2022-11-09,Social Media
C03601,Consumer,Karachi,2024-04-23,Organic Search
C03602,Small Business,Gujranwala,2023-01-15,Affiliate
C03603,Consumer,Faisalabad,2025-11-30,Organic Search
C03604,Consumer,Karachi,2025-04-13,Affiliate
C03605,Home Office,Rawalpindi,2023-04-24,Referral
C03606,Consumer,Peshawar,2024-04-05,Paid Search
C03607,Consumer,Lahore,2025-03-15,Referral
C03608,Consumer,Lahore,2025-02-15,Organic Search
C03609,Home Office,Multan,2023-10-23,Paid Search
C03610,Consumer,Islamabad,2022-08-22,Email
C03611,Consumer,Karachi,2024-05-04,Paid Search
C03612,Consumer,Faisalabad,2023-08-18,Affiliate
C03613,Consumer,Lahore,2023-02-24,Referral
C03614,Consumer,Karachi,2023-02-24,Referral
C03615,Home Office,Lahore,2022-06-04,Social Media
C03616,Small Business,Lahore,2022-08-03,Affiliate
C03617,Consumer,Lahore,2022-07-12,Organic Search
C03618,Consumer,Karachi,2025-05-15,Organic Search
C03619,Consumer,Lahore,2022-08-28,Paid Search
C03620,Consumer,Karachi,2022-12-31,Organic Search
C03621,Consumer,Islamabad,2024-07-29,Email
C03622,Small Business,Karachi,2022-12-14,Social Media
C03623,Home Office,Faisalabad,2025-02-23,Organic Search
C03624,Home Office,Karachi,2025-09-20,Affiliate
C03625,Consumer,Multan,2024-09-25,Email
C03626,Consumer,Lahore,2025-10-09,Email
C03627,Consumer,Karachi,2025-02-18,Referral
C03628,Home Office,Multan,2025-05-12,Social Media
C03629,Consumer,Lahore,2023-12-10,Organic Search
C03630,Consumer,Lahore,2025-03-17,Email
C03631,Consumer,Lahore,2022-11-10,Organic Search
C03632,Consumer,Islamabad,2024-12-08,Paid Search
C03633,Consumer,Karachi,2024-12-06,Email
C03634,Small Business,Lahore,2024-08-18,Paid Search
C03635,Small Business,Lahore,2025-12-14,Affiliate
C03636,Consumer,Rawalpindi,2025-05-12,Social Media
C03637,Consumer,Multan,2024-04-21,Referral
C03638,Consumer,Islamabad,2023-03-18,Social Media
C03639,Small Business,Lahore,2023-11-13,Referral
C03640,Consumer,Karachi,2025-01-13,Social Media
C03641,Consumer,Karachi,2025-10-15,Organic Search
C03642,Consumer,Rawalpindi,2024-05-06,Paid Search
C03643,Consumer,Karachi,2023-04-28,Paid Search
C03644,Small Business,Karachi,2025-10-25,Referral
C03645,Consumer,Rawalpindi,2023-08-07,Referral
C03646,Consumer,Rawalpindi,2022-10-14,Email
C03647,Consumer,Lahore,2023-05-19,Paid Search
C03648,Home Office,Peshawar,2024-06-05,Email
C03649,Consumer,Rawalpindi,2024-02-16,Organic Search
C03650,Consumer,Karachi,2022-06-04,Referral
C03651,Home Office,Faisalabad,2022-11-17,Organic Search
C03652,Home Office,Multan,2024-01-22,Email
C03653,Consumer,Gujranwala,2024-02-11,Social Media
C03654,Consumer,Islamabad,2024-02-17,Paid Search
C03655,Consumer,Gujranwala,2022-10-09,Social Media
C03656,Small Business,Faisalabad,2025-03-18,Organic Search
C03657,Consumer,Karachi,2022-11-06,Social Media
C03658,Consumer,Karachi,2024-10-05,Paid Search
C03659,Home Office,Islamabad,2025-08-01,Organic Search
C03660,Consumer,Lahore,2025-11-16,Paid Search
C03661,Consumer,Multan,2023-10-13,Referral
C03662,Consumer,Multan,2022-10-13,Organic Search
C03663,Home Office,Karachi,2025-01-07,Referral
C03664,Consumer,Faisalabad,2024-05-13,Email
C03665,Consumer,Multan,2023-04-21,Social Media
C03666,Small Business,Islamabad,2022-10-10,Paid Search
C03667,Consumer,Islamabad,2025-03-15,Referral
C03668,Consumer,Multan,2025-08-22,Organic Search
C03669,Consumer,Lahore,2025-03-26,Paid Search
C03670,Consumer,Karachi,2022-12-18,Organic Search
C03671,Home Office,Peshawar,2025-05-23,Email
C03672,Home Office,Karachi,2024-07-15,Referral
C03673,Small Business,Lahore,2025-11-28,Paid search 
C03674,Small Business,Islamabad,2025-05-31,Social Media
C03675,Home Office,Gujranwala,2025-10-30,Social Media
C03676,Consumer,Faisalabad,2023-07-20,Email
C03677,Consumer,Islamabad,2025-05-06,Email
C03678,Consumer,Gujranwala,2025-03-08,Paid Search
C03679,Consumer,Peshawar,2024-01-09,Email
C03680,Consumer,Lahore,2023-10-23,Social Media
C03681,Small Business,Gujranwala,2025-01-30,Social Media
C03682,Small Business,Lahore,2025-09-01,Organic Search
C03683,Consumer,Karachi,2024-04-20,Paid Search
C03684,Home Office,Islamabad,2022-09-14,Organic Search
C03685,Small Business,Faisalabad,2025-05-02,Affiliate
C03686,Consumer,Peshawar,2024-11-15,Organic Search
C03687,Consumer,Lahore,2022-11-19,Paid Search
C03688,Consumer,Islamabad,2023-01-24,Organic Search
C03689,Small Business,Lahore,2023-09-09,Social Media
C03690,Consumer,Gujranwala,2024-11-19,Paid Search
C03691,Small Business,Lahore,2022-10-05,Organic Search
C03692,Consumer,Karachi,2023-03-29,Affiliate
C03693,Small Business,Multan,2024-09-21,Organic Search
C03694,Consumer,Lahore,2022-08-07,Social Media
C03695,Home Office,Peshawar,2023-10-06,Social Media
C03696,Consumer,Karachi,2024-08-19,Social Media
C03697,Home Office,Karachi,2025-06-15,Affiliate
C03698,Home Office,Karachi,2022-06-06,Social Media
C03699,Consumer,Karachi,2025-11-03,Referral
C03700,Home Office,Islamabad,2025-06-23,Paid Search
C03701,Consumer,Lahore,2023-06-10,Organic Search
C03702,Consumer,Gujranwala,2023-12-22,Organic Search
C03703,Consumer,Peshawar,2023-10-21,Organic Search
C03704,Small Business,Karachi,2025-06-29,Organic Search
C03705,Consumer,Karachi,2024-04-09,Paid Search
C03706,Consumer,Multan,2024-06-24,Organic Search
C03707,Small Business,Karachi,2024-10-25,Organic Search
C03708,Consumer,Multan,2025-08-31,Paid Search
C03709,Consumer,Islamabad,2023-12-07,Organic Search
C03710,Consumer,Islamabad,2023-07-24,Organic Search
C03711,Home Office,Rawalpindi,2024-11-13,Paid Search
C03712,Home Office,Gujranwala,2025-03-05,Email
C03713,Consumer,Peshawar,2025-09-09,Social Media
C03714,Home Office,Islamabad,2022-12-02,Organic Search
C03715,Home Office,Islamabad,2024-08-07,Organic Search
C03716,Small Business,Lahore,2025-09-29,Organic Search
C03717,Consumer,Karachi,2024-11-02,Organic Search
C03718,Consumer,Islamabad,2025-08-28,Affiliate
C03719,Small Business,Lahore,2024-12-19,Social Media
C03720,Small Business,Lahore,2024-10-20,Paid Search
C03721,Small Business,Karachi,2023-10-13,Paid Search
C03722,Consumer,Multan,2024-10-12,Social Media
C03723,Consumer,Rawalpindi,2023-06-22,Email
C03724,Consumer,Multan,2022-11-22,Paid Search
C03725,Home Office,Islamabad,2025-01-01,Social Media
C03726,Small Business,Multan,2024-12-22,Social Media
C03727,Consumer,Rawalpindi,2023-11-13,Organic Search
C03728,Home Office,Faisalabad,2025-06-09,Social Media
C03729,Consumer,Lahore,2022-10-27,Paid Search
C03730,Home Office,Multan,2023-12-01,Affiliate
C03731,Home Office,Karachi,2024-08-21,Referral
C03732,Consumer,Multan,2025-02-27,Referral
C03733,Small Business,Rawalpindi,2023-08-27,Organic Search
C03734,Consumer,Karachi,2025-12-09,Paid Search
C03735,Consumer,Rawalpindi,2023-06-24,Affiliate
C03736,Consumer,Karachi,2025-06-19,Email
C03737,Consumer,Karachi,2025-01-12,Organic Search
C03738,Small Business,Rawalpindi,2025-03-16,Social Media
C03739,Consumer,Islamabad,2024-01-23,Social Media
C03740,Consumer,Islamabad,2022-08-09,Email
C03741,Small Business,,2022-09-15,Social Media
C03742,Consumer,Rawalpindi,2022-12-16,Organic Search
C03743,Consumer,Faisalabad,2024-01-22,Social Media
C03744,Consumer,Faisalabad,2022-11-14,Referral
C03745,Home Office,Islamabad,2022-07-18,Referral
C03746,Consumer,Peshawar,2025-05-23,Email
C03747,Consumer,Gujranwala,2023-04-03,Paid Search
C03748,Home Office,Lahore,2023-10-03,Social Media
C03749,Small Business,Karachi,2023-11-14,Paid Search
C03750,Small Business,Karachi,2025-05-27,Email
C03751,Consumer,Multan,2022-11-17,Paid Search
C03752,Home Office,Karachi,2023-06-25,Paid Search
C03753,Consumer,Multan,2023-02-11,Organic Search
C03754,Consumer,Karachi,2024-03-31,Organic Search
C03755,Home Office,Multan,2025-11-30,Affiliate
C03756,Consumer,Lahore,2024-01-16,Paid Search
C03757,Consumer,Lahore,2023-09-29,Organic Search
C03758,Small Business,Karachi,2025-09-07,Referral
C03759,Consumer,Gujranwala,2022-07-15,Email
C03760,Consumer,Lahore,2024-10-08,Paid Search
C03761,Home Office,Peshawar,2025-11-05,Paid Search
C03762,Home Office,Gujranwala,2024-04-24,Organic Search
C03763,Small Business,Karachi,2023-01-31,Email
C03764,Consumer,Faisalabad,2023-02-13,Organic Search
C03765,Consumer,Islamabad,2024-09-01,Social Media
C03766,Home Office,Karachi,2025-10-14,Social Media
C03767,Home Office,Karachi,2025-05-14,Organic Search
C03768,Consumer,Gujranwala,2024-11-23,Social Media
C03769,Consumer,Karachi,2023-11-19,Email
C03770,Home Office,Multan,2024-09-21,Affiliate
C03771,Consumer,Gujranwala,2025-03-26,Paid Search
C03772,Consumer,Lahore,2024-10-05,Paid Search
C03773,Consumer,Multan,2023-05-02,Social Media
C03774,Consumer,Peshawar,2023-12-18,Social Media
C03775,Consumer,Gujranwala,2025-09-22,Referral
C03776,Small Business,Lahore,2024-10-09,Social Media
C03777,Consumer,Islamabad,2023-07-05,Organic Search
C03778,Home Office,Lahore,2025-10-24,Social Media
C03779,Consumer,Karachi,2023-10-24,Email
C03780,Home Office,Rawalpindi,2025-01-14,Organic Search
C03781,Home Office,Peshawar,2025-09-11,Social Media
C03782,Consumer,Gujranwala,2023-03-23,Email
C03783,Small Business,Gujranwala,2025-10-20,Paid Search
C03784,Consumer,Lahore,2025-09-24,Social Media
C03785,Consumer,Peshawar,2024-04-22,Referral
C03786,Consumer,Lahore,2024-09-23,Social Media
C03787,Home Office,Lahore,2022-08-16,Paid Search
C03788,Consumer,Faisalabad,2023-06-09,Organic Search
C03789,Consumer,Faisalabad,2024-03-27,Organic Search
C03790,Consumer,Karachi,2023-11-21,Social Media
C03791,Home Office,Karachi,2023-10-24,Social Media
C03792,Home Office,Lahore,2023-11-16,Social Media
C03793,Home Office,Faisalabad,2023-10-16,Referral
C03794,Small Business,Islamabad,2023-02-19,Social Media
C03795,Consumer,Lahore,2024-01-23,Paid Search
C03796,Consumer,Lahore,2025-12-13,Email
C03797,Home Office,Karachi,2023-10-20,Email
C03798,Home Office,Karachi,2024-10-06,Referral
C03799,Consumer,Karachi,2022-11-17,Email
C03800,Home Office,Karachi,2022-12-16,Paid Search
C03801,Consumer,Lahore,2024-06-11,Organic Search
C03802,Consumer,Karachi,2023-10-07,Organic Search
C03803,Consumer,Peshawar,2022-09-16,Referral
C03804,Small Business,Gujranwala,2025-08-04,Paid Search
C03805,Home Office,Rawalpindi,2025-12-09,Referral
C03806,Small Business,Gujranwala,2024-07-11,Organic Search
C03807,Home Office,Karachi,2025-06-22,Referral
C03808,Consumer,Islamabad,2025-04-13,Organic Search
C03809,Consumer,Karachi,2024-07-23,Email
C03810,Consumer,Gujranwala,2022-12-17,Social Media
C03811,Home Office,Karachi,2022-09-09,Paid search 
C03812,Consumer,Faisalabad,2023-11-17,Paid Search
C03813,Consumer,Karachi,2025-05-20,Affiliate
C03814,Consumer,Gujranwala,2022-09-14,Social Media
C03815,Consumer,Multan,2023-05-03,Paid Search
C03816,Consumer,Peshawar,2023-04-27,Affiliate
C03817,Home Office,Islamabad,2025-01-20,Social Media
C03818,Consumer,Karachi,2025-03-24,Paid Search
C03819,Consumer,Lahore,2023-01-26,Affiliate
C03820,Consumer,Islamabad,2025-02-26,Organic Search
C03821,Consumer,Karachi,2025-05-29,Organic Search
C03822,Consumer,Karachi,2023-01-23,Organic Search
C03823,Consumer,Peshawar,2025-01-06,Affiliate
C03824,Small Business,Rawalpindi,2025-03-14,Email
C03825,Consumer,Lahore,2025-03-04,Email
C03826,Home Office,Islamabad,2024-04-05,Paid Search
C03827,Small Business,Multan,2024-09-01,Paid Search
C03828,Consumer,Lahore,2024-02-28,Email
C03829,Home Office,Peshawar,2024-08-22,Referral
C03830,Consumer,Lahore,2025-07-21,Social Media
C03831,Consumer,Multan,2023-11-26,Organic Search
C03832,Home Office,Multan,2024-08-16,Organic Search
C03833,Home Office,Islamabad,2023-02-08,Organic Search
C03834,Small Business,Karachi,2024-12-26,Social Media
C03835,Home Office,Rawalpindi,2023-11-14,Organic Search
C03836,Consumer,Islamabad,2024-05-14,Social Media
C03837,Consumer,Karachi,2024-04-13,Social Media
C03838,Small Business,Rawalpindi,2023-02-23,Social Media
C03839,Consumer,Karachi,2024-08-15,Referral
C03840,Home Office,Karachi,2024-02-04,Paid Search
C03841,Consumer,Rawalpindi,2024-01-30,Social Media
C03842,Small Business,Multan,2023-05-09,Paid Search
C03843,Consumer,Rawalpindi,2025-07-31,Referral
C03844,Small Business,,2025-09-05,Organic Search
C03845,Small Business,Gujranwala,2023-02-23,Affiliate
C03846,Consumer,Multan,2025-03-14,Organic Search
C03847,Consumer,Karachi,2022-07-22,Referral
C03848,Consumer,Karachi,2024-03-30,Organic Search
C03849,Consumer,Gujranwala,2023-02-24,Referral
C03850,Consumer,Lahore,2023-12-15,Social Media
C03851,Consumer,Lahore,2023-01-08,Social Media
C03852,Consumer,Karachi,2025-12-20,Email
C03853,Consumer,Multan,2024-06-09,Email
C03854,Consumer,Faisalabad,2022-06-14,Referral
C03855,Consumer,Faisalabad,2023-03-23,Referral
C03856,Home Office,Karachi,2025-10-20,Organic Search
C03857,Small Business,Multan,2024-11-21,Organic Search
C03858,Consumer,Rawalpindi,2024-02-10,Organic Search
C03859,Consumer,Lahore,2024-01-10,Organic Search
C03860,Consumer,Karachi,2022-06-12,Email
C03861,Small Business,Gujranwala,2022-08-28,Paid Search
C03862,Consumer,Rawalpindi,2025-05-04,Referral
C03863,Home Office,Peshawar,2023-04-11,Organic Search
C03864,Home Office,Lahore,2024-08-05,Organic Search
C03865,Small Business,Karachi,2022-10-27,Paid Search
C03866,Small Business,Lahore,2023-03-29,Referral
C03867,Home Office,Islamabad,2022-10-08,Email
C03868,Consumer,Lahore,2023-03-27,Social Media
C03869,Home Office,Rawalpindi,2024-05-04,Referral
C03870,Small Business,Faisalabad,2025-05-24,Organic Search
C03871,Consumer,Islamabad,2025-02-07,Email
C03872,Home Office,Gujranwala,2023-06-29,Organic Search
C03873,Consumer,Lahore,2023-07-13,Paid Search
C03874,Small Business,Peshawar,2024-03-22,Paid Search
C03875,Home Office,Karachi,2022-06-30,Social Media
C03876,Home Office,Rawalpindi,2022-09-07,Organic Search
C03877,Consumer,Faisalabad,2025-01-23,Email
C03878,Consumer,Islamabad,2025-01-02,Paid Search
C03879,Home Office,Karachi,2024-07-16,Organic Search
C03880,Consumer,Multan,2022-09-25,Affiliate
C03881,Consumer,Lahore,2025-11-29,Paid Search
C03882,Consumer,Karachi,2023-06-19,Organic Search
C03883,Consumer,Karachi,2023-08-02,Social Media
C03884,Consumer,Gujranwala,2023-04-23,Social Media
C03885,Small Business,Lahore,2025-09-04,Referral
C03886,Consumer,Faisalabad,2024-03-20,Organic Search
C03887,Small Business,Peshawar,2023-02-28,Organic Search
C03888,Consumer,Rawalpindi,2024-01-01,Paid Search
C03889,Consumer,Islamabad,2025-09-10,Social Media
C03890,Small Business,Multan,2024-08-03,Referral
C03891,Consumer,Lahore,2024-02-21,Paid Search
C03892,Consumer,Karachi,2023-03-10,Paid Search
C03893,Consumer,Lahore,2025-04-06,Email
C03894,Consumer,Multan,2022-07-27,Social Media
C03895,Consumer,Rawalpindi,2022-11-11,Paid Search
C03896,Home Office,Karachi,2023-08-25,Paid Search
C03897,Home Office,Islamabad,2024-12-28,Email
C03898,Consumer,Rawalpindi,2022-07-18,Social Media
C03899,Small Business,Peshawar,2023-01-17,Affiliate
C03900,Consumer,Lahore,2022-12-11,Paid Search
C03901,Home Office,Lahore,2024-11-03,Social Media
C03902,Consumer,Multan,2023-04-06,Paid Search
C03903,Small Business,Karachi,2023-03-03,Social Media
C03904,Consumer,Lahore,2024-02-09,Social Media
C03905,Home Office,Gujranwala,2025-02-02,Paid Search
C03906,Consumer,Multan,2024-11-19,Social Media
C03907,Home Office,Karachi,2023-11-15,Organic Search
C03908,Home Office,Karachi,2023-11-23,Paid Search
C03909,Consumer,Rawalpindi,2023-07-21,Social Media
C03910,Consumer,Islamabad,2025-06-24,Paid Search
C03911,Small Business,Faisalabad,2025-06-18,Organic Search
C03912,Home Office,Lahore,2025-12-10,Social Media
C03913,Consumer,Rawalpindi,2025-08-16,Affiliate
C03914,Consumer,Rawalpindi,2024-01-17,Social Media
C03915,Home Office,Peshawar,2024-09-09,Paid Search
C03916,Consumer,Multan,2023-01-18,Referral
C03917,Consumer,Karachi,2023-05-04,Organic Search
C03918,Consumer,Faisalabad,2024-08-22,Organic Search
C03919,Small Business,Gujranwala,2023-07-27,Organic Search
C03920,Small Business,Karachi,2022-11-06,Organic Search
C03921,Small Business,Faisalabad,2022-08-07,Email
C03922,Consumer,Karachi,2022-09-16,Email
C03923,Consumer,Rawalpindi,2025-02-24,Paid Search
C03924,Small Business,Lahore,2023-01-11,Referral
C03925,Consumer,Lahore,2023-03-26,Organic Search
C03926,Home Office,Gujranwala,2024-09-21,Paid Search
C03927,Consumer,Karachi,2024-01-03,Referral
C03928,Home Office,Faisalabad,2023-01-25,Organic Search
C03929,Home Office,Karachi,2025-03-01,Paid Search
C03930,Small Business,Lahore,2022-06-26,social media
C03931,Home Office,Karachi,2024-04-25,Social Media
C03932,Consumer,Rawalpindi,2025-05-11,Social Media
C03933,Small Business,Karachi,2022-06-24,Affiliate
C03934,Consumer,Faisalabad,2025-12-04,Social Media
C03935,Consumer,Gujranwala,2024-07-23,Referral
C03936,Consumer,Lahore,2023-05-09,Social Media
C03937,Consumer,Islamabad,2023-04-17,Organic Search
C03938,Consumer,Gujranwala,2023-02-18,Paid Search
C03939,Consumer,Rawalpindi,2025-02-09,Referral
C03940,Small Business,Peshawar,2024-06-18,Paid Search
C03941,Consumer,Islamabad,2022-11-07,Paid Search
C03942,Consumer,Islamabad,2023-06-25,Organic Search
C03943,Consumer,Islamabad,2023-09-17,Email
C03944,Home Office,Gujranwala,2023-03-19,Paid Search
C03945,Consumer,Peshawar,2024-01-01,Paid Search
C03946,Home Office,Multan,2024-04-10,Email
C03947,Home Office,Peshawar,2023-08-24,Email
C03948,Consumer,Karachi,2022-07-19,Organic Search
C03949,Consumer,Rawalpindi,2024-07-01,Paid Search
C03950,Consumer,Karachi,2023-02-07,Email
C03951,Consumer,Peshawar,2024-05-27,Paid Search
C03952,Consumer,Gujranwala,2022-10-20,Organic Search
C03953,Home Office,Lahore,2025-02-17,Paid Search
C03954,Consumer,Karachi,2022-11-09,Organic Search
C03955,Consumer,Peshawar,2023-08-24,Paid Search
C03956,Consumer,Lahore,2023-11-28,Social Media
C03957,Small Business,Lahore,2024-04-09,Email
C03958,Consumer,Karachi,2023-08-19,Paid Search
C03959,Consumer,Rawalpindi,2022-07-17,Paid Search
C03960,Small Business,Karachi,2025-03-13,Social Media
C03961,Consumer,Karachi,2023-11-29,Affiliate
C03962,Consumer,Multan,2024-07-21,Social Media
C03963,Consumer,Gujranwala,2024-01-01,Organic Search
C03964,Consumer,Karachi,2025-05-23,Email
C03965,Consumer,Peshawar,2023-06-14,Social Media
C03966,Consumer,Peshawar,2025-05-07,Paid Search
C03967,Small Business,Karachi,2025-10-08,Referral
C03968,Home Office,Rawalpindi,2025-08-01,Referral
C03969,Consumer,Lahore,2022-10-05,Email
C03970,Small Business,Karachi,2023-05-24,Social Media
C03971,Home Office,Faisalabad,2024-03-03,Organic Search
C03972,Consumer,Karachi,2022-12-30,Social Media
C03973,Consumer,Karachi,2025-08-28,Social Media
C03974,Consumer,Karachi,2025-06-09,Affiliate
C03975,Small Business,Lahore,2024-04-07,Email
C03976,Consumer,Karachi,2024-02-12,Paid search 
C03977,Consumer,Multan,2023-02-23,Paid Search
C03978,Consumer,Rawalpindi,2024-03-09,Paid Search
C03979,Consumer,Peshawar,2024-10-27,Social Media
C03980,Consumer,Rawalpindi,2023-05-21,Social Media
C03981,Home Office,Gujranwala,2023-12-10,Referral
C03982,Home Office,Karachi,2025-04-24,Paid Search
C03983,Consumer,Lahore,2025-06-30,Paid Search
C03984,Small Business,Lahore,2023-06-15,Organic Search
C03985,Consumer,Rawalpindi,2023-07-16,Social Media
C03986,Consumer,Multan,2022-12-24,Affiliate
C03987,Consumer,Rawalpindi,2024-04-16,Paid Search
C03988,Home Office,Faisalabad,2022-06-21,Affiliate
C03989,Small Business,Rawalpindi,2024-02-04,Organic Search
C03990,Consumer,Islamabad,2025-03-29,Paid Search
C03991,Consumer,Faisalabad,2023-09-13,Paid Search
C03992,Consumer,Faisalabad,2024-03-02,Paid Search
C03993,Small Business,Gujranwala,2023-04-20,Paid Search
C03994,Consumer,Lahore,2024-01-18,Paid Search
C03995,Consumer,Karachi,2025-07-05,Paid Search
C03996,Small Business,Karachi,2023-02-13,Affiliate
C03997,Consumer,Lahore,2024-09-11,Paid Search
C03998,Consumer,Karachi,2023-12-12,Paid Search
C03999,Consumer,Peshawar,2025-07-13,Social Media
C04000,Home Office,Rawalpindi,2024-04-18,Email
C04001,Consumer,Gujranwala,2023-04-12,Referral
C04002,Small Business,Karachi,2023-12-09,Paid Search
C04003,Consumer,Islamabad,2025-06-05,Paid Search
C04004,Consumer,Gujranwala,2025-11-15,Referral
C04005,Consumer,Karachi,2023-11-15,Affiliate
C04006,Consumer,Islamabad,2024-12-13,Organic Search
C04007,Consumer,Karachi,2022-08-14,Social Media
C04008,Small Business,Rawalpindi,2022-11-19,Social Media
C04009,Consumer,Karachi,2022-08-27,Social Media
C04010,Small Business,Islamabad,2025-07-30,Referral
C04011,Consumer,Faisalabad,2025-08-05,Social Media
C04012,Home Office,Peshawar,2025-11-29,Paid Search
C04013,Consumer,Rawalpindi,2024-02-15,Affiliate
C04014,Consumer,Karachi,2025-06-26,Paid Search
C04015,Consumer,Karachi,2023-12-02,Social Media
C04016,Consumer,Lahore,2024-09-19,Email
C04017,Consumer,Lahore,2024-12-17,Affiliate
C04018,Consumer,Gujranwala,2022-11-26,Paid Search
C04019,Consumer,Karachi,2022-07-07,Email
C04020,Home Office,Rawalpindi,2025-08-31,Email
C04021,Consumer,Faisalabad,2024-08-17,Referral
C04022,Consumer,Karachi,2023-11-28,Affiliate
C04023,Consumer,Lahore,2025-06-05,Affiliate
C04024,Small Business,Lahore,2023-10-21,Email
C04025,Small Business,Karachi,2024-12-23,Social Media
C04026,Small Business,Faisalabad,2024-09-23,Email
C04027,Consumer,Karachi,2024-07-31,social media
C04028,Consumer,Karachi,2023-08-22,Email
C04029,Home Office,Multan,2025-01-15,Email
C04030,Home Office,Karachi,2023-04-20,Email
C04031,Home Office,Peshawar,2024-06-18,Affiliate
C04032,Consumer,Lahore,2023-12-09,Social Media
C04033,Home Office,Faisalabad,2023-03-03,Email
C04034,Consumer,Rawalpindi,2025-01-21,Organic Search
C04035,Consumer,Islamabad,2022-11-07,Paid Search
C04036,Home Office,Lahore,2022-09-20,Organic Search
C04037,Consumer,Gujranwala,2022-08-25,Social Media
C04038,Home Office,Lahore,2024-12-29,Organic Search
C04039,Consumer,Lahore,2022-10-09,Referral
C04040,Consumer,Rawalpindi,2024-12-24,Paid Search
C04041,Home Office,Peshawar,2023-08-23,Organic Search
C04042,Small Business,Faisalabad,2023-11-07,Paid Search
C04043,Consumer,Islamabad,2024-10-24,Social Media
C04044,Small Business,Islamabad,2025-06-20,Affiliate
C04045,Consumer,Lahore,2025-08-22,Paid Search
C04046,Consumer,Gujranwala,2024-04-09,Affiliate
C04047,Consumer,Islamabad,2024-11-12,Affiliate
C04048,Home Office,Multan,2023-06-08,Organic Search
C04049,Home Office,Lahore,2022-10-01,Paid Search
C04050,Consumer,Rawalpindi,2025-08-19,Organic Search
C04051,Small Business,Gujranwala,2025-08-08,Paid Search
C04052,Home Office,Faisalabad,2025-01-07,Email
C04053,Consumer,Karachi,2023-04-01,Referral
C04054,Home Office,Peshawar,2024-10-19,Social Media
C04055,Home Office,Faisalabad,2022-06-03,Organic Search
C04056,Consumer,Lahore,2024-05-21,Email
C04057,Consumer,Rawalpindi,2023-03-14,Paid Search
C04058,Consumer,Karachi,2024-02-29,Email
C04059,Consumer,Karachi,2025-09-20,Organic Search
C04060,Consumer,Peshawar,2023-08-19,Organic Search
C04061,Consumer,Lahore,2025-06-28,Referral
C04062,Consumer,Peshawar,2022-08-22,Referral
C04063,Small Business,Karachi,2025-12-20,Affiliate
C04064,Consumer,Islamabad,2022-08-05,Organic Search
C04065,Consumer,Islamabad,2022-07-04,Paid Search
C04066,Consumer,Gujranwala,2024-04-23,Social Media
C04067,Small Business,Karachi,2022-11-17,Referral
C04068,Home Office,Multan,2023-01-14,Social Media
C04069,Home Office,Lahore,2023-11-26,Organic Search
C04070,Consumer,Karachi,2022-06-21,Referral
C04071,Consumer,Karachi,2024-06-28,Paid Search
C04072,Consumer,Karachi,2023-10-13,Paid Search
C04073,Consumer,Karachi,2024-08-09,Organic Search
C04074,Consumer,Lahore,2024-05-11,Email
C04075,Home Office,Lahore,2025-03-01,Email
C04076,Consumer,Peshawar,2023-05-17,Social Media
C04077,Home Office,Gujranwala,2023-03-24,Social Media
C04078,Home Office,Rawalpindi,2024-11-19,Paid Search
C04079,Consumer,Lahore,2024-11-14,Referral
C04080,Consumer,Lahore,2024-12-13,social media
C04081,Consumer,Lahore,2023-08-10,Affiliate
C04082,Consumer,Faisalabad,2023-08-16,Paid Search
C04083,Consumer,Multan,2023-01-17,Referral
C04084,Consumer,Karachi,2024-12-19,Paid Search
C04085,Consumer,Rawalpindi,2024-03-31,Email
C04086,Small Business,Multan,2024-08-10,Organic Search
C04087,Consumer,Islamabad,2022-08-10,Organic Search
C04088,Small Business,Karachi,2023-03-20,Organic Search
C04089,Consumer,Rawalpindi,2023-02-06,Organic Search
C04090,Consumer,Islamabad,2025-09-12,Organic Search
C04091,Consumer,Karachi,2024-05-27,Social Media
C04092,Consumer,Islamabad,2024-06-26,Email
C04093,Consumer,Gujranwala,2024-08-03,Referral
C04094,Consumer,Lahore,2024-11-07,Social Media
C04095,Consumer,Rawalpindi,2025-02-23,Paid Search
C04096,Small Business,Rawalpindi,2025-06-24,Referral
C04097,Consumer,Faisalabad,2025-09-03,Social Media
C04098,Consumer,Gujranwala,2025-03-23,Social Media
C04099,Small Business,Rawalpindi,2022-08-21,Email
C04100,Consumer,Rawalpindi,2024-03-15,Social Media
C04101,Home Office,Karachi,2022-12-25,Referral
C04102,Consumer,Rawalpindi,2024-03-02,Affiliate
C04103,Consumer,Islamabad,2022-12-22,Email
C04104,Small Business,Islamabad,2024-04-29,Affiliate
C04105,Consumer,Karachi,2025-07-15,Referral
C04106,Consumer,Rawalpindi,2025-12-18,Affiliate
C04107,Consumer,Lahore,2022-08-15,Social Media
C04108,Consumer,Peshawar,2024-06-24,Social Media
C04109,Consumer,Karachi,2023-04-20,Paid Search
C04110,Consumer,Lahore,2022-07-14,Social Media
C04111,Consumer,Multan,2022-12-31,Email
C04112,Consumer,Gujranwala,2023-01-12,Organic Search
C04113,Consumer,Peshawar,2022-12-15,Social Media
C04114,Consumer,Multan,2023-01-12,Paid Search
C04115,Consumer,Karachi,2022-07-13,Organic Search
C04116,Consumer,Islamabad,2024-04-29,Organic Search
C04117,Consumer,Islamabad,2023-10-08,Paid Search
C04118,Consumer,Lahore,2025-11-26,Social Media
C04119,Consumer,Lahore,2025-07-05,Organic Search
C04120,Small Business,Lahore,2023-08-31,Affiliate
C04121,Consumer,Rawalpindi,2024-12-03,Paid Search
C04122,Small Business,Lahore,2025-01-11,Affiliate
C04123,Consumer,Peshawar,2025-12-18,Paid Search
C04124,Consumer,Lahore,2025-08-25,Affiliate
C04125,Consumer,Rawalpindi,2024-01-19,Affiliate
C04126,Consumer,Karachi,2024-01-07,Referral
C04127,Consumer,Karachi,2025-09-06,Organic Search
C04128,Consumer,,2022-09-28,Paid Search
C04129,Consumer,Lahore,2024-09-03,Referral
C04130,Consumer,Karachi,2025-11-14,Paid Search
C04131,Consumer,Karachi,2023-03-28,Affiliate
C04132,Consumer,Islamabad,2025-11-25,Email
C04133,Consumer,Karachi,2023-04-27,Organic Search
C04134,Consumer,Karachi,2023-02-26,Organic Search
C04135,Consumer,Peshawar,2023-03-31,Organic Search
C04136,Consumer,Islamabad,2023-12-17,Organic Search
C04137,Consumer,Islamabad,2024-12-25,Affiliate
C04138,Home Office,Rawalpindi,2024-08-19,social media
C04139,Consumer,Karachi,2024-02-25,Paid Search
C04140,Small Business,Karachi,2022-09-03,Organic Search
C04141,Consumer,Lahore,2025-12-05,Paid Search
C04142,Consumer,Karachi,2023-10-28,Affiliate
C04143,Consumer,Peshawar,2024-08-02,Paid Search
C04144,Home Office,Gujranwala,2024-01-22,Social Media
C04145,Consumer,Peshawar,2022-12-08,Email
C04146,Home Office,Rawalpindi,2023-09-10,Social Media
C04147,Consumer,Lahore,2024-02-16,Organic Search
C04148,Consumer,Peshawar,2022-11-27,Email
C04149,Consumer,Islamabad,2025-12-16,Paid Search
C04150,Consumer,Lahore,2022-07-26,Paid Search
C04151,Consumer,Karachi,2022-10-29,Referral
C04152,Consumer,Karachi,2024-01-28,Organic Search
C04153,Consumer,Islamabad,2024-01-31,Social Media
C04154,Consumer,,2023-11-01,Organic Search
C04155,Consumer,Rawalpindi,2025-03-30,Social Media
C04156,Consumer,Lahore,2023-02-14,Social Media
C04157,Small Business,Karachi,2024-05-23,Email
C04158,Consumer,Gujranwala,2022-11-04,Referral
C04159,Consumer,Rawalpindi,2025-08-26,Organic Search
C04160,Consumer,Lahore,2022-06-22,Referral
C04161,Consumer,Multan,2022-07-25,Social Media
C04162,Consumer,Rawalpindi,2025-11-18,Email
C04163,Consumer,Karachi,2025-05-29,Social Media
C04164,Small Business,Islamabad,2025-09-24,Social Media
C04165,Consumer,Karachi,2025-09-14,Organic Search
C04166,Consumer,Faisalabad,2025-02-24,Social Media
C04167,Consumer,Islamabad,2023-07-13,Organic Search
C04168,Consumer,Peshawar,2022-07-02,Organic Search
C04169,Small Business,Islamabad,2025-02-11,Organic Search
C04170,Small Business,Islamabad,2025-02-11,Referral
C04171,Consumer,Lahore,2023-04-12,Paid Search
C04172,Consumer,Islamabad,2025-11-16,Affiliate
C04173,Small Business,Peshawar,2025-09-11,Affiliate
C04174,Consumer,Islamabad,2025-05-26,Email
C04175,Home Office,Lahore,2024-04-09,Social Media
C04176,Consumer,Gujranwala,2022-08-30,Referral
C04177,Consumer,Lahore,2024-01-18,Paid Search
C04178,Consumer,Karachi,2022-07-30,Organic Search
C04179,Consumer,Lahore,2025-09-24,Paid Search
C04180,Consumer,Lahore,2025-09-25,Referral
C04181,Consumer,Karachi,2025-05-28,Email
C04182,Consumer,Peshawar,2024-06-14,Referral
C04183,Small Business,Peshawar,2023-09-29,Email
C04184,Consumer,Faisalabad,2024-10-31,Referral
C04185,Consumer,Gujranwala,2023-01-29,Referral
C04186,Consumer,Karachi,2024-01-26,Paid Search
C04187,Consumer,Islamabad,2024-04-20,Paid Search
C04188,Small Business,Lahore,2023-08-28,Paid Search
C04189,Consumer,Karachi,2024-08-10,Social Media
C04190,Consumer,Karachi,2023-05-29,Affiliate
C04191,Consumer,Karachi,2025-05-28,Organic Search
C04192,Home Office,Rawalpindi,2022-07-17,Social Media
C04193,Consumer,Rawalpindi,2025-03-26,Email
C04194,Consumer,Rawalpindi,2025-07-25,Referral
C04195,Consumer,Lahore,2023-03-24,Paid Search
C04196,Home Office,Gujranwala,2025-05-28,Affiliate
C04197,Consumer,Rawalpindi,2025-02-24,Referral
C04198,Consumer,Rawalpindi,2025-09-21,Referral
C04199,Consumer,Gujranwala,2024-10-14,Referral
C04200,Consumer,Gujranwala,2025-07-17,Organic Search
C04201,Consumer,Gujranwala,2022-09-08,Referral
C04202,Home Office,Karachi,2023-07-16,Organic Search
C04203,Small Business,Rawalpindi,2024-10-19,Referral
C04204,Consumer,Islamabad,2024-05-03,Social Media
C04205,Consumer,Lahore,2024-09-13,Social Media
C04206,Small Business,Faisalabad,2023-03-09,Organic Search
C04207,Small Business,Peshawar,2024-07-16,Affiliate
C04208,Home Office,Faisalabad,2025-10-22,Email
C04209,Consumer,Faisalabad,2025-06-04,Email
C04210,Small Business,Karachi,2024-06-03,Referral
C04211,Consumer,Faisalabad,2025-02-09,Referral
C04212,Consumer,Karachi,2022-06-22,Paid Search
C04213,Home Office,Lahore,2024-01-13,Referral
C04214,Home Office,Peshawar,2025-09-27,Affiliate
C04215,Small Business,Gujranwala,2025-02-07,Organic Search
C04216,Small Business,Faisalabad,2022-08-18,Social Media
C04217,Consumer,Karachi,2023-03-23,Organic Search
C04218,Small Business,Rawalpindi,2024-12-02,Referral
C04219,Consumer,Lahore,2024-12-07,Paid Search
C04220,Consumer,Karachi,2024-08-31,Referral
C04221,Consumer,Lahore,2025-08-07,Email
C04222,Home Office,Karachi,2024-05-27,Affiliate
C04223,Consumer,Gujranwala,2024-06-19,Organic Search
C04224,Consumer,Karachi,2022-06-15,Social Media
C04225,Home Office,Karachi,2022-06-23,Organic Search
C04226,Consumer,Lahore,2023-10-25,Referral
C04227,Consumer,Lahore,2024-08-28,Referral
C04228,Small Business,Faisalabad,2024-01-22,Affiliate
C04229,Small Business,Gujranwala,2025-05-05,Paid Search
C04230,Consumer,Rawalpindi,2025-04-19,Organic Search
C04231,Consumer,Multan,2023-05-27,Organic Search
C04232,Consumer,Gujranwala,2023-04-21,Affiliate
C04233,Consumer,Faisalabad,2025-07-24,Social Media
C04234,Consumer,Peshawar,2023-07-02,Social Media
C04235,Small Business,Faisalabad,2023-11-04,Email
C04236,Home Office,Lahore,2025-08-21,Affiliate
C04237,Consumer,Peshawar,2025-01-16,Organic Search
C04238,Consumer,Karachi,2023-07-26,Social Media
C04239,Consumer,Faisalabad,2024-08-05,Organic Search
C04240,Consumer,Rawalpindi,2024-01-16,Paid Search
C04241,Home Office,Lahore,2025-01-04,Affiliate
C04242,Consumer,Karachi,2024-03-01,Social Media
C04243,Consumer,Islamabad,2022-08-02,Paid Search
C04244,Consumer,Peshawar,2024-12-30,Organic Search
C04245,Home Office,Lahore,2025-08-09,Paid Search
C04246,Consumer,Karachi,2024-04-17,Email
C04247,Consumer,Islamabad,2024-03-25,Social Media
C04248,Consumer,Peshawar,2023-01-19,Organic Search
C04249,Small Business,Multan,2025-03-17,Social Media
C04250,Consumer,Faisalabad,2022-11-01,Paid Search
C04251,Consumer,Karachi,2024-10-04,Referral
C04252,Consumer,Lahore,2025-04-19,Social Media
C04253,Small Business,Faisalabad,2024-09-21,Organic Search
C04254,Consumer,Lahore,2022-07-29,Organic Search
C04255,Consumer,Faisalabad,2025-11-29,Social Media
C04256,Consumer,Islamabad,2024-10-16,Paid Search
C04257,Small Business,Rawalpindi,2025-07-15,Email
C04258,Consumer,Lahore,2024-06-03,Organic Search
C04259,Consumer,Karachi,2025-11-19,Affiliate
C04260,Home Office,Karachi,2023-10-21,Referral
C04261,Small Business,Rawalpindi,2022-07-07,Organic Search
C04262,Consumer,Lahore,2024-04-20,Email
C04263,Consumer,Karachi,2023-02-10,Email
C04264,Consumer,Islamabad,2024-09-06,Social Media
C04265,Home Office,Multan,2025-05-31,Social Media
C04266,Consumer,Faisalabad,2025-12-06,Organic Search
C04267,Consumer,Peshawar,2022-12-10,Organic Search
C04268,Small Business,Lahore,2022-07-12,Paid Search
C04269,Consumer,Lahore,2024-01-30,Paid Search
C04270,Consumer,Rawalpindi,2025-01-10,Organic Search
C04271,Consumer,Multan,2023-07-15,Organic Search
C04272,Consumer,Multan,2025-02-19,Organic Search
C04273,Consumer,Lahore,2023-07-29,Affiliate
C04274,Consumer,Faisalabad,2024-04-09,Paid Search
C04275,Small Business,Gujranwala,2025-11-26,Organic Search
C04276,Consumer,Karachi,2025-04-11,Organic Search
C04277,Small Business,Lahore,2024-11-29,Organic Search
C04278,Consumer,Faisalabad,2024-02-05,Organic Search
C04279,Consumer,Faisalabad,2023-05-15,Social Media
C04280,Consumer,Karachi,2024-05-02,Email
C04281,Small Business,Islamabad,2025-03-18,Paid Search
C04282,Consumer,Karachi,2024-12-08,Email
C04283,Consumer,Lahore,2022-09-16,Referral
C04284,Consumer,Peshawar,2024-04-02,Organic Search
C04285,Consumer,Faisalabad,2023-01-13,Paid Search
C04286,Consumer,Peshawar,2025-05-22,Social Media
C04287,Consumer,Rawalpindi,2024-02-23,Social Media
C04288,Consumer,Lahore,2025-02-13,Social Media
C04289,Home Office,Islamabad,2023-09-20,Referral
C04290,Consumer,Karachi,2023-12-17,Referral
C04291,Consumer,Lahore,2024-04-26,Referral
C04292,Small Business,Karachi,2024-03-30,Referral
C04293,Consumer,Faisalabad,2025-08-14,Organic Search
C04294,Consumer,Gujranwala,2024-09-11,Organic Search
C04295,Home Office,Karachi,2023-10-05,Organic Search
C04296,Small Business,Islamabad,2023-11-09,Paid Search
C04297,Consumer,Islamabad,2024-07-02,Paid Search
C04298,Small Business,Karachi,2023-04-11,Organic Search
C04299,Consumer,Lahore,2023-02-09,Organic Search
C04300,Home Office,Peshawar,2025-03-06,Email
C04301,Consumer,Islamabad,2022-06-02,Referral
C04302,Consumer,Karachi,2023-06-01,Organic Search
C04303,Home Office,Islamabad,2023-11-04,Email
C04304,Home Office,Karachi,2025-09-28,Social Media
C04305,Consumer,Lahore,2023-11-28,Paid Search
C04306,Small Business,Karachi,2023-07-19,Social Media
C04307,Small Business,Islamabad,2024-12-22,Organic Search
C04308,Home Office,Karachi,2022-09-08,Referral
C04309,Consumer,Karachi,2023-04-19,Social Media
C04310,Home Office,Karachi,2023-07-28,Paid Search
C04311,Home Office,Lahore,2022-12-09,Paid Search
C04312,Consumer,Lahore,2024-08-28,Affiliate
C04313,Consumer,Lahore,2025-05-22,Paid Search
C04314,Consumer,Multan,2023-03-04,Affiliate
C04315,Consumer,Faisalabad,2025-01-04,Organic Search
C04316,Consumer,Faisalabad,2024-07-25,Social Media
C04317,Home Office,Faisalabad,2025-11-10,Organic Search
C04318,Consumer,Faisalabad,2023-08-09,Organic Search
C04319,Small Business,Faisalabad,2022-12-03,Organic Search
C04320,Consumer,Lahore,2023-06-08,Social Media
C04321,Consumer,Karachi,2023-01-14,Affiliate
C04322,Consumer,Rawalpindi,2023-06-10,Social Media
C04323,Home Office,Karachi,2023-04-28,Affiliate
C04324,Consumer,Lahore,2024-08-05,Social Media
C04325,Consumer,Lahore,2025-05-18,Social Media
C04326,Consumer,Multan,2024-01-11,Organic Search
C04327,Consumer,Islamabad,2024-06-20,Organic Search
C04328,Consumer,Karachi,2023-03-17,Organic Search
C04329,Home Office,Islamabad,2024-08-26,Affiliate
C04330,Consumer,Lahore,2024-01-04,Paid Search
C04331,Small Business,Peshawar,2024-10-11,Referral
C04332,Home Office,Rawalpindi,2023-11-25,Affiliate
C04333,Home Office,Karachi,2025-03-16,Affiliate
C04334,Consumer,Islamabad,2024-06-22,Paid Search
C04335,Consumer,Karachi,2023-05-11,Affiliate
C04336,Consumer,Lahore,2023-02-28,Social Media
C04337,Consumer,Karachi,2022-07-07,Paid Search
C04338,Consumer,Faisalabad,2025-04-11,Social Media
C04339,Consumer,Lahore,2025-03-19,Paid Search
C04340,Home Office,Karachi,2023-08-10,Referral
C04341,Consumer,Rawalpindi,2025-02-24,Affiliate
C04342,Consumer,Rawalpindi,2023-10-12,Referral
C04343,Home Office,Gujranwala,2023-10-11,Affiliate
C04344,Consumer,Karachi,2025-11-17,Organic Search
C04345,Consumer,Karachi,2025-09-03,Organic Search
C04346,Consumer,Islamabad,2023-11-02,social media
C04347,Consumer,Lahore,2025-04-09,Referral
C04348,Consumer,Karachi,2023-05-29,Paid Search
C04349,Consumer,Islamabad,2023-10-17,Paid Search
C04350,Consumer,Islamabad,2023-12-15,Social Media
C04351,Consumer,Karachi,2025-05-30,Social Media
C04352,Consumer,Islamabad,2023-09-13,Affiliate
C04353,Home Office,Karachi,2022-06-21,Social Media
C04354,Consumer,Lahore,2023-08-23,Referral
C04355,Consumer,Lahore,2023-05-02,Paid Search
C04356,Consumer,Islamabad,2025-08-27,Email
C04357,Consumer,Lahore,2025-08-01,Organic Search
C04358,Consumer,Multan,2022-06-08,Social Media
C04359,Consumer,Islamabad,2023-02-15,Organic Search
C04360,Consumer,Peshawar,2024-10-23,Paid Search
C04361,Consumer,Multan,2024-07-08,Referral
C04362,Home Office,Multan,2022-10-08,Organic Search
C04363,Small Business,Faisalabad,2022-06-02,Email
C04364,Consumer,Peshawar,2024-08-15,Organic Search
C04365,Consumer,Karachi,2025-04-08,Affiliate
C04366,Small Business,Karachi,2022-09-01,Organic Search
C04367,Consumer,Peshawar,2024-04-09,Organic Search
C04368,Consumer,Lahore,2025-10-05,Organic Search
C04369,Consumer,Rawalpindi,2023-04-24,Affiliate
C04370,Home Office,Peshawar,2023-12-08,Paid Search
C04371,Home Office,Multan,2023-03-07,Organic Search
C04372,Consumer,Multan,2022-12-13,Email
C04373,Consumer,Lahore,2023-04-29,Organic Search
C04374,Consumer,Islamabad,2025-11-21,social media
C04375,Consumer,Karachi,2023-03-06,Social Media
C04376,Consumer,Islamabad,2022-07-10,Organic Search
C04377,Home Office,Gujranwala,2023-09-10,Organic Search
C04378,Home Office,Karachi,2025-08-26,Social Media
C04379,Consumer,Islamabad,2023-10-02,Social Media
C04380,Consumer,Gujranwala,2024-07-11,Paid Search
C04381,Small Business,Lahore,2025-12-11,Social Media
C04382,Home Office,Karachi,2024-04-20,Organic Search
C04383,Consumer,Lahore,2025-05-07,Paid Search
C04384,Home Office,Lahore,2025-02-03,Organic Search
C04385,Consumer,Islamabad,2024-05-14,Email
C04386,Small Business,Karachi,2025-02-19,Affiliate
C04387,Consumer,Islamabad,2024-01-15,Affiliate
C04388,Consumer,Lahore,2022-09-15,Email
C04389,Small Business,Islamabad,2025-03-04,Social Media
C04390,Consumer,Rawalpindi,2025-05-15,Paid Search
C04391,Consumer,Faisalabad,2022-07-11,Paid Search
C04392,Small Business,Karachi,2023-05-18,Paid search 
C04393,Consumer,Multan,2023-01-31,Paid Search
C04394,Home Office,Faisalabad,2025-07-25,Referral
C04395,Home Office,Peshawar,2025-04-04,Paid Search
C04396,Consumer,Gujranwala,2024-07-29,Organic Search
C04397,Home Office,Karachi,2022-10-16,Referral
C04398,Consumer,Karachi,2024-01-14,Organic Search
C04399,Consumer,Faisalabad,2024-05-17,Referral
C04400,Consumer,Faisalabad,2022-09-30,Social Media
C04401,Consumer,Karachi,2025-09-16,Email
C04402,Small Business,Faisalabad,2025-04-16,Affiliate
C04403,Consumer,Islamabad,2025-04-08,Paid Search
C04404,Consumer,Faisalabad,2025-02-22,Organic Search
C04405,Small Business,Rawalpindi,2024-10-21,Affiliate
C04406,Small Business,Rawalpindi,2023-02-13,Email
C04407,Home Office,Lahore,2024-04-19,Social Media
C04408,Home Office,Rawalpindi,2023-01-01,Affiliate
C04409,Small Business,Karachi,2024-02-19,social media
C04410,Home Office,Rawalpindi,2024-04-10,Organic Search
C04411,Consumer,Karachi,2023-03-04,Social Media
C04412,Consumer,Lahore,2024-06-23,Referral
C04413,Consumer,Faisalabad,2022-07-06,Paid Search
C04414,Home Office,Lahore,2024-10-16,Email
C04415,Home Office,Peshawar,2025-05-20,Paid search 
C04416,Consumer,Lahore,2025-03-15,Organic Search
C04417,Consumer,Karachi,2024-05-25,Paid Search
C04418,Consumer,Gujranwala,2024-08-31,Email
C04419,Consumer,Lahore,2023-06-05,Email
C04420,Consumer,Faisalabad,2025-03-08,Organic Search
C04421,Consumer,Peshawar,2025-03-14,Organic Search
C04422,Small Business,Karachi,2023-10-25,Organic Search
C04423,Home Office,Gujranwala,2024-06-20,Affiliate
C04424,Home Office,Lahore,2024-03-22,Social Media
C04425,Home Office,Karachi,2022-07-10,Referral
C04426,Consumer,Lahore,2025-03-22,Paid Search
C04427,Consumer,Lahore,2023-04-01,Social Media
C04428,Consumer,Karachi,2025-08-28,Organic Search
C04429,Home Office,Karachi,2025-03-19,Paid Search
C04430,Consumer,Rawalpindi,2022-12-04,Email
C04431,Consumer,Islamabad,2025-04-26,Referral
C04432,Consumer,Islamabad,2024-11-09,Social Media
C04433,Home Office,Lahore,2022-06-07,Paid Search
C04434,Consumer,Lahore,2025-10-09,Social Media
C04435,Home Office,Karachi,2025-12-03,Paid Search
C04436,Consumer,Lahore,2024-08-05,Referral
C04437,Consumer,Faisalabad,2023-12-18,Paid search 
C04438,Consumer,Rawalpindi,2025-06-23,Social Media
C04439,Home Office,Multan,2024-05-04,Social Media
C04440,Small Business,Peshawar,2023-09-04,Affiliate
C04441,Consumer,Islamabad,2025-03-20,Referral
C04442,Consumer,Islamabad,2025-07-25,Organic Search
C04443,Consumer,Islamabad,2023-06-17,Affiliate
C04444,Home Office,Karachi,2023-01-21,Email
C04445,Home Office,Lahore,2024-11-11,Social Media
C04446,Consumer,Karachi,2024-04-15,Email
C04447,Consumer,Lahore,2022-09-11,Referral
C04448,Small Business,Peshawar,2025-10-06,Email
C04449,Consumer,Lahore,2024-12-24,Organic Search
C04450,Home Office,Islamabad,2025-07-28,Affiliate
C04451,Consumer,Faisalabad,2023-01-13,Organic Search
C04452,Home Office,Multan,2022-06-20,Paid Search
C04453,Consumer,Faisalabad,2024-12-31,Organic Search
C04454,Home Office,Multan,2024-05-24,Referral
C04455,Consumer,Multan,2024-11-23,Paid Search
C04456,Consumer,Islamabad,2024-03-12,Social Media
C04457,Home Office,Gujranwala,2024-03-09,Organic Search
C04458,Consumer,Peshawar,2024-04-11,Social Media
C04459,Small Business,Multan,2025-01-19,Email
C04460,Small Business,Islamabad,2025-11-19,Organic Search
C04461,Consumer,Rawalpindi,2023-08-05,Email
C04462,Consumer,Lahore,2023-07-11,Referral
C04463,Consumer,Karachi,2024-09-22,Social Media
C04464,Home Office,Faisalabad,2023-07-04,Paid Search
C04465,Consumer,Karachi,2024-01-14,Organic Search
C04466,Consumer,Karachi,2022-07-31,Paid Search
C04467,Home Office,Peshawar,2024-10-22,Email
C04468,Small Business,Lahore,2023-06-27,Referral
C04469,Consumer,Lahore,2025-02-11,Organic Search
C04470,Consumer,Gujranwala,2025-01-28,Paid Search
C04471,Consumer,Lahore,2024-08-14,Email
C04472,Consumer,Karachi,2025-11-20,Social Media
C04473,Home Office,Faisalabad,2025-12-03,Social Media
C04474,Home Office,Karachi,2022-12-18,Organic Search
C04475,Consumer,Gujranwala,2022-10-02,Social Media
C04476,Consumer,Gujranwala,2025-08-04,Email
C04477,Home Office,Lahore,2023-03-12,Organic Search
C04478,Home Office,Karachi,2025-08-13,Social Media
C04479,Small Business,Rawalpindi,2023-04-05,Organic Search
C04480,Consumer,Lahore,2023-05-30,Referral
C04481,Consumer,Faisalabad,2022-11-22,Social Media
C04482,Home Office,Karachi,2025-04-22,Social Media
C04483,Consumer,Karachi,2024-01-27,Referral
C04484,Consumer,Islamabad,2022-11-21,Organic Search
C04485,Small Business,Islamabad,2023-10-04,Paid Search
C04486,Consumer,Karachi,2022-08-24,Referral
C04487,Consumer,Faisalabad,2024-03-31,Organic Search
C04488,Consumer,Multan,2025-01-06,Organic Search
C04489,Small Business,Karachi,2023-10-04,Social Media
C04490,Small Business,Multan,2025-02-03,Paid Search
C04491,Consumer,Islamabad,2025-06-05,Organic Search
C04492,Small Business,Islamabad,2025-03-23,Email
C04493,Small Business,Islamabad,2025-01-06,Referral
C04494,Consumer,Karachi,2025-11-17,Email
C04495,Consumer,Multan,2025-10-16,Social Media
C04496,Home Office,Peshawar,2024-07-12,Referral
C04497,Consumer,Faisalabad,2023-04-18,Paid Search
C04498,Consumer,Islamabad,2025-06-11,Organic Search
C04499,Consumer,Islamabad,2025-10-11,Social Media
C04500,Consumer,Karachi,2022-07-08,Email
C04501,Home Office,Faisalabad,2024-07-28,Email
C04502,Consumer,Multan,2025-12-10,Paid search 
C04503,Small Business,Lahore,2023-12-24,Organic Search
C04504,Consumer,Multan,2025-10-22,Paid Search
C04505,Consumer,Karachi,2024-07-24,Social Media
C04506,Consumer,Karachi,2023-09-14,Paid Search
C04507,Home Office,Rawalpindi,2024-08-08,Social Media
C04508,Small Business,Rawalpindi,2025-06-06,Email
C04509,Home Office,Faisalabad,2025-04-25,Social Media
C04510,Consumer,Islamabad,2023-02-04,Organic Search
C04511,Consumer,Lahore,2023-04-22,Organic Search
C04512,Small Business,Multan,2022-07-21,Paid Search
C04513,Home Office,Lahore,2022-10-02,Social Media
C04514,Small Business,Peshawar,2024-09-12,Paid Search
C04515,Small Business,Lahore,2022-08-08,Email
C04516,Home Office,Peshawar,2025-01-24,Referral
C04517,Consumer,Karachi,2024-04-24,Social Media
C04518,Home Office,Rawalpindi,2023-04-13,Organic Search
C04519,Consumer,Rawalpindi,2022-12-02,Social Media
C04520,Small Business,Lahore,2025-06-01,Paid Search
C04521,Small Business,Gujranwala,2022-12-08,Paid Search
C04522,Consumer,Faisalabad,2023-05-06,Affiliate
C04523,Consumer,Karachi,2024-10-19,Organic Search
C04524,Home Office,Gujranwala,2023-10-15,Affiliate
C04525,Consumer,Lahore,2023-03-20,Paid Search
C04526,Consumer,Rawalpindi,2025-11-29,Organic Search
C04527,Consumer,Rawalpindi,2025-11-23,Social Media
C04528,Consumer,Lahore,2024-04-22,Organic Search
C04529,Small Business,Rawalpindi,2022-10-11,Social Media
C04530,Consumer,Islamabad,2024-01-22,Organic Search
C04531,Consumer,Karachi,2024-04-02,Affiliate
C04532,Small Business,Islamabad,2022-12-13,Social Media
C04533,Consumer,Rawalpindi,2025-11-05,Organic Search
C04534,Small Business,Lahore,2025-06-06,Paid Search
C04535,Home Office,Karachi,2022-08-18,Social Media
C04536,Consumer,Karachi,2024-04-04,Organic Search
C04537,Home Office,Islamabad,2024-03-05,Referral
C04538,Consumer,Gujranwala,2025-02-07,Paid Search
C04539,Small Business,Lahore,2022-08-25,Affiliate
C04540,Consumer,Peshawar,2024-10-20,Affiliate
C04541,Consumer,Peshawar,2024-11-09,Affiliate
C04542,Consumer,Karachi,2025-01-26,Paid Search
C04543,Consumer,Gujranwala,2025-08-02,Social Media
C04544,Consumer,Islamabad,2023-12-20,Email
C04545,Small Business,Multan,2025-10-16,Organic Search
C04546,Consumer,Peshawar,2024-11-24,Organic Search
C04547,Consumer,Lahore,2023-07-24,Email
C04548,Consumer,Karachi,2022-10-01,Email
C04549,Home Office,Lahore,2025-12-15,Paid Search
C04550,Small Business,Gujranwala,2024-06-16,Email
C04551,Consumer,Rawalpindi,2025-01-30,Organic Search
C04552,Consumer,Lahore,2024-12-13,Paid Search
C04553,Home Office,Islamabad,2024-07-16,Organic Search
C04554,Consumer,Faisalabad,2025-08-30,Organic Search
C04555,Small Business,Islamabad,2023-08-14,Social Media
C04556,Consumer,Gujranwala,2023-11-25,Affiliate
C04557,Consumer,Lahore,2023-02-17,Organic Search
C04558,Home Office,Peshawar,2025-05-25,Organic Search
C04559,Consumer,Multan,2024-06-06,Affiliate
C04560,Small Business,Gujranwala,2025-11-06,Paid Search
C04561,Consumer,Rawalpindi,2025-08-27,Referral
C04562,Consumer,Rawalpindi,2023-09-29,Organic Search
C04563,Home Office,Karachi,2024-08-28,Organic Search
C04564,Consumer,Karachi,2022-10-15,Organic Search
C04565,Consumer,Karachi,2023-06-14,Social Media
C04566,Small Business,Faisalabad,2023-10-09,Organic Search
C04567,Home Office,Islamabad,2024-11-06,Organic Search
C04568,Home Office,Lahore,2025-08-29,Organic Search
C04569,Consumer,Lahore,2025-12-11,Paid Search
C04570,Consumer,Rawalpindi,2023-01-17,Social Media
C04571,Home Office,Karachi,2024-11-17,Email
C04572,Consumer,Lahore,2023-07-10,Social Media
C04573,Consumer,Lahore,2024-08-08,Social Media
C04574,Consumer,Karachi,2025-12-15,Paid Search
C04575,Consumer,Karachi,2025-02-12,Referral
C04576,Small Business,Karachi,2023-02-07,Paid Search
C04577,Home Office,Islamabad,2024-07-31,Referral
C04578,Home Office,Gujranwala,2023-05-25,Organic Search
C04579,Home Office,Faisalabad,2025-04-02,Affiliate
C04580,Consumer,Gujranwala,2025-04-04,Referral
C04581,Consumer,Karachi,2025-04-21,Referral
C04582,Consumer,Lahore,2022-06-01,Referral
C04583,Home Office,Karachi,2025-08-20,Organic Search
C04584,Consumer,Peshawar,2025-09-29,Referral
C04585,Consumer,Peshawar,2024-03-02,Email
C04586,Consumer,Islamabad,2023-01-13,Referral
C04587,Small Business,Lahore,2024-01-09,Organic Search
C04588,Small Business,Lahore,2025-12-16,Affiliate
C04589,Consumer,Islamabad,2025-11-07,Organic Search
C04590,Consumer,Rawalpindi,2022-12-21,Paid Search
C04591,Consumer,Islamabad,2024-08-16,Referral
C04592,Consumer,Lahore,2025-11-27,Affiliate
C04593,Consumer,Karachi,2023-08-22,Paid Search
C04594,Home Office,Lahore,2022-11-14,Organic Search
C04595,Consumer,Lahore,2023-10-17,Email
C04596,Consumer,Islamabad,2024-04-27,Affiliate
C04597,Consumer,Islamabad,2024-08-30,Paid Search
C04598,Small Business,Peshawar,2023-05-04,Organic Search
C04599,Consumer,Faisalabad,2024-11-24,Organic Search
C04600,Consumer,Lahore,2023-01-31,Social Media
C04601,Home Office,Multan,2024-05-24,Affiliate
C04602,Consumer,Rawalpindi,2025-07-24,Social Media
C04603,Small Business,Lahore,2024-03-30,Affiliate
C04604,Consumer,,2024-04-15,Organic Search
C04605,Consumer,Karachi,2023-03-22,Organic Search
C04606,Home Office,Islamabad,2025-10-16,Affiliate
C04607,Small Business,Karachi,2024-05-28,Organic Search
C04608,Small Business,Karachi,2025-02-27,Organic Search
C04609,Consumer,Karachi,2025-01-07,Paid Search
C04610,Consumer,Multan,2025-06-30,Referral
C04611,Consumer,Rawalpindi,2024-12-06,Paid Search
C04612,Consumer,Karachi,2024-02-13,Organic Search
C04613,Consumer,Lahore,2025-01-28,Paid Search
C04614,Consumer,Karachi,2023-04-16,Social Media
C04615,Consumer,Islamabad,2024-04-25,Email
C04616,Consumer,Karachi,2022-12-15,Social Media
C04617,Home Office,Lahore,2025-05-06,Organic Search
C04618,Consumer,Gujranwala,2023-02-05,Organic Search
C04619,Consumer,Karachi,2025-08-24,Organic Search
C04620,Consumer,Karachi,2023-10-11,Affiliate
C04621,Consumer,Islamabad,2024-11-12,Organic Search
C04622,Consumer,Karachi,2022-11-03,Affiliate
C04623,Consumer,Rawalpindi,2022-07-11,Organic Search
C04624,Consumer,Karachi,2025-11-20,Social Media
C04625,Consumer,Lahore,2023-05-28,Affiliate
C04626,Consumer,Faisalabad,2024-09-04,Social Media
C04627,Consumer,Faisalabad,2025-06-10,Social Media
C04628,Consumer,Rawalpindi,2024-12-19,Paid Search
C04629,Consumer,Islamabad,2023-09-17,Organic Search
C04630,Home Office,Lahore,2023-07-17,Organic Search
C04631,Consumer,Faisalabad,2023-11-26,Referral
C04632,Consumer,Islamabad,2025-04-02,Social Media
C04633,Small Business,Karachi,2024-06-20,Organic Search
C04634,Consumer,Gujranwala,2025-01-11,Organic Search
C04635,Consumer,Karachi,2024-10-08,Paid Search
C04636,Consumer,Lahore,2025-03-13,Affiliate
C04637,Consumer,Karachi,2022-10-09,Affiliate
C04638,Consumer,Lahore,2024-09-22,Paid Search
C04639,Consumer,Lahore,2024-09-08,Referral
C04640,Consumer,Islamabad,2025-01-16,Social Media
C04641,Consumer,Lahore,2022-06-24,Paid Search
C04642,Small Business,Faisalabad,2024-09-06,Affiliate
C04643,Home Office,Karachi,2024-08-27,Paid Search
C04644,Home Office,Karachi,2023-09-23,Organic Search
C04645,Consumer,Faisalabad,2023-07-25,Organic Search
C04646,Consumer,Karachi,2024-03-10,Social Media
C04647,Small Business,Lahore,2023-02-06,Organic Search
C04648,Consumer,Faisalabad,2022-08-04,Organic Search
C04649,Home Office,Islamabad,2024-02-08,Social Media
C04650,Consumer,Lahore,2024-07-24,Paid Search
C04651,Home Office,Peshawar,2023-07-06,Affiliate
C04652,Small Business,Karachi,2024-01-16,Organic Search
C04653,Consumer,Multan,2023-06-04,Organic Search
C04654,Home Office,Gujranwala,2023-10-04,Email
C04655,Consumer,Karachi,2024-01-05,Social Media
C04656,Consumer,Lahore,2025-04-14,Organic Search
C04657,Consumer,Lahore,2025-11-27,Social Media
C04658,Consumer,Karachi,2022-09-27,Email
C04659,Consumer,Lahore,2025-06-16,Email
C04660,Home Office,Multan,2023-03-30,Organic Search
C04661,Small Business,Faisalabad,2025-06-08,Paid Search
C04662,Consumer,Karachi,2023-06-02,Email
C04663,Consumer,Lahore,2024-05-27,Paid Search
C04664,Consumer,Lahore,2025-08-03,Organic Search
C04665,Home Office,Islamabad,2022-07-15,Organic Search
C04666,Home Office,Lahore,2025-01-16,Email
C04667,Consumer,Karachi,2023-05-22,Referral
C04668,Consumer,Karachi,2024-05-03,Paid Search
C04669,Consumer,Lahore,2025-01-13,Email
C04670,Home Office,Karachi,2023-01-05,Organic Search
C04671,Consumer,Rawalpindi,2022-07-16,Social Media
C04672,Small Business,Faisalabad,2023-03-15,Email
C04673,Home Office,Peshawar,2024-03-08,Organic Search
C04674,Small Business,Karachi,2024-07-12,Paid Search
C04675,Home Office,Rawalpindi,2024-09-20,Referral
C04676,Consumer,Lahore,2023-03-25,Email
C04677,Consumer,Lahore,2022-10-13,Email
C04678,Home Office,Lahore,2023-07-27,Social Media
C04679,Small Business,Islamabad,2024-06-17,Referral
C04680,Small Business,Faisalabad,2024-03-24,Affiliate
C04681,Consumer,Islamabad,2023-11-13,Organic Search
C04682,Small Business,Faisalabad,2023-10-02,Organic Search
C04683,Consumer,Lahore,2024-06-14,Paid Search
C04684,Small Business,Islamabad,2023-09-21,Organic Search
C04685,Consumer,Faisalabad,2025-07-01,Affiliate
C04686,Small Business,Faisalabad,2022-10-29,Email
C04687,Consumer,Islamabad,2024-02-05,Organic Search
C04688,Consumer,Islamabad,2024-03-01,Paid search 
C04689,Consumer,Karachi,2025-02-02,Organic Search
C04690,Consumer,Peshawar,2022-09-16,Organic Search
C04691,Consumer,Karachi,2023-08-17,Affiliate
C04692,Consumer,Karachi,2022-09-14,Referral
C04693,Small Business,Faisalabad,2024-08-19,Paid Search
C04694,Consumer,Lahore,2022-08-03,Social Media
C04695,Consumer,Peshawar,2025-03-10,Social Media
C04696,Consumer,Karachi,2023-05-11,Affiliate
C04697,Consumer,Peshawar,2023-07-07,Organic Search
C04698,Consumer,Lahore,2025-02-22,Organic Search
C04699,Consumer,Lahore,2022-07-14,Affiliate
C04700,Consumer,Peshawar,2023-05-17,social media
C04701,Home Office,Karachi,2023-10-06,Organic Search
C04702,Consumer,Karachi,2024-02-15,Organic Search
C04703,Consumer,Lahore,2025-06-25,Organic Search
C04704,Consumer,Lahore,2024-09-15,Affiliate
C04705,Consumer,Lahore,2025-02-13,Referral
C04706,Consumer,Karachi,2024-03-17,Organic Search
C04707,Small Business,Gujranwala,2025-02-02,Paid Search
C04708,Consumer,Lahore,2023-07-29,Social Media
C04709,Consumer,Karachi,2025-02-01,Email
C04710,Home Office,Islamabad,2024-09-28,Organic Search
C04711,Small Business,Karachi,2025-11-21,Affiliate
C04712,Consumer,Karachi,2022-11-16,Social Media
C04713,Consumer,Lahore,2023-12-20,Email
C04714,Home Office,Faisalabad,2025-03-01,Organic Search
C04715,Consumer,Gujranwala,2022-07-22,Referral
C04716,Consumer,Islamabad,2022-11-06,Paid Search
C04717,Consumer,Karachi,2023-05-20,Organic Search
C04718,Consumer,Karachi,2023-05-09,Paid Search
C04719,Home Office,Rawalpindi,2023-08-31,Paid Search
C04720,Consumer,Gujranwala,2025-01-11,Email
C04721,Consumer,Karachi,2022-11-23,Social Media
C04722,Home Office,Gujranwala,2023-09-22,Paid Search
C04723,Consumer,Peshawar,2022-10-26,Paid Search
C04724,Consumer,Karachi,2025-12-17,Organic Search
C04725,Consumer,Karachi,2025-06-18,Paid Search
C04726,Home Office,Islamabad,2024-01-02,Organic Search
C04727,Consumer,Lahore,2025-11-28,Affiliate
C04728,Consumer,Multan,2023-07-31,Affiliate
C04729,Small Business,Peshawar,2025-10-31,Paid Search
C04730,Consumer,Karachi,2023-09-04,Email
C04731,Home Office,Karachi,2024-01-03,Social Media
C04732,Consumer,Islamabad,2024-11-16,Referral
C04733,Consumer,Lahore,2024-02-08,Paid Search
C04734,Consumer,Gujranwala,2022-12-05,Organic Search
C04735,Consumer,Karachi,2023-05-19,Organic Search
C04736,Consumer,Karachi,2025-08-31,Referral
C04737,Home Office,Karachi,2023-03-02,Email
C04738,Consumer,Islamabad,2024-01-29,Email
C04739,Consumer,Islamabad,2023-12-29,Email
C04740,Small Business,Islamabad,2024-04-25,Paid Search
C04741,Consumer,Karachi,2025-08-16,Paid Search
C04742,Consumer,Islamabad,2024-08-26,Email
C04743,Small Business,Islamabad,2025-08-30,Referral
C04744,Home Office,Lahore,2024-07-30,Email
C04745,Consumer,Lahore,2022-10-24,Social Media
C04746,Consumer,Karachi,2022-10-26,Referral
C04747,Home Office,Gujranwala,2023-03-18,Social Media
C04748,Small Business,Karachi,2023-02-28,Affiliate
C04749,Consumer,Lahore,2022-12-20,Paid Search
C04750,Home Office,Faisalabad,2022-10-13,Organic Search
C04751,Small Business,Faisalabad,2025-11-16,Paid Search
C04752,Small Business,Faisalabad,2024-07-17,Social Media
C04753,Small Business,Karachi,2025-06-27,Email
C04754,Consumer,Lahore,2025-04-08,Affiliate
C04755,Consumer,Karachi,2023-10-09,Social Media
C04756,Consumer,Lahore,2025-05-22,Referral
C04757,Consumer,Lahore,2023-12-20,Organic Search
C04758,Consumer,Lahore,2025-07-11,Organic Search
C04759,Consumer,Karachi,2025-12-16,Email
C04760,Consumer,Peshawar,2024-08-24,Social Media
C04761,Consumer,Karachi,2023-11-15,Social Media
C04762,Consumer,Islamabad,2023-01-18,Affiliate
C04763,Consumer,Karachi,2022-06-22,Organic Search
C04764,Consumer,Rawalpindi,2023-01-14,Social Media
C04765,Consumer,Lahore,2022-09-03,Organic Search
C04766,Consumer,Peshawar,2024-03-23,Social Media
C04767,Consumer,Faisalabad,2024-11-28,Affiliate
C04768,Consumer,Peshawar,2025-03-07,Social Media
C04769,Consumer,Karachi,2022-08-04,Email
C04770,Consumer,Rawalpindi,2024-11-24,Social Media
C04771,Small Business,Peshawar,2024-07-24,Email
C04772,Consumer,Karachi,2024-06-17,Organic Search
C04773,Consumer,Gujranwala,2024-09-18,Paid Search
C04774,Consumer,Lahore,2024-09-28,Referral
C04775,Small Business,Karachi,2022-07-18,Organic Search
C04776,Consumer,Karachi,2024-02-01,Organic Search
C04777,Small Business,Gujranwala,2025-08-18,social media
C04778,Consumer,Karachi,2023-11-08,Organic Search
C04779,Consumer,Karachi,2024-07-07,Organic Search
C04780,Consumer,Peshawar,2022-07-01,Paid Search
C04781,Home Office,Multan,2022-08-02,Social Media
C04782,Small Business,Peshawar,2025-10-13,Social Media
C04783,Consumer,Peshawar,2023-08-30,Social Media
C04784,Home Office,Islamabad,2025-10-27,Email
C04785,Consumer,Karachi,2024-12-30,Referral
C04786,Small Business,Rawalpindi,2025-11-05,Social Media
C04787,Consumer,Peshawar,2022-07-05,Referral
C04788,Consumer,Karachi,2024-10-28,Organic Search
C04789,Consumer,Karachi,2024-01-30,Paid Search
C04790,Small Business,Karachi,2024-11-30,Social Media
C04791,Home Office,Faisalabad,2023-12-18,Social Media
C04792,Consumer,Multan,2025-10-24,Email
C04793,Home Office,Gujranwala,2025-04-26,Social Media
C04794,Home Office,Islamabad,2025-05-31,Paid Search
C04795,Consumer,Faisalabad,2025-04-26,Organic Search
C04796,Consumer,Peshawar,2023-05-25,Organic Search
C04797,Consumer,Rawalpindi,2023-11-16,Paid Search
C04798,Home Office,Gujranwala,2024-10-29,Social Media
C04799,Small Business,Rawalpindi,2023-12-01,Referral
C04800,Home Office,Karachi,2025-07-10,Email
C04801,Consumer,Karachi,2025-01-26,Email
C04802,Home Office,Multan,2023-09-29,Email
C04803,Home Office,Islamabad,2025-08-03,Organic Search
C04804,Consumer,Rawalpindi,2024-09-25,Organic Search
C04805,Consumer,Faisalabad,2024-08-09,Referral
C04806,Consumer,Lahore,2024-04-27,Paid Search
C04807,Home Office,Karachi,2025-01-31,Paid Search
C04808,Consumer,Gujranwala,2024-12-22,Email
C04809,Consumer,Multan,2024-12-12,Paid Search
C04810,Consumer,Lahore,2023-10-06,Email
C04811,Small Business,Karachi,2022-06-29,Organic Search
C04812,Consumer,Faisalabad,2024-10-26,Email
C04813,Consumer,Peshawar,2023-05-09,Paid Search
C04814,Home Office,Faisalabad,2022-09-06,Organic Search
C04815,Consumer,Karachi,2025-01-17,Affiliate
C04816,Home Office,Lahore,2024-05-03,Referral
C04817,Consumer,Faisalabad,2024-01-29,Organic Search
C04818,Home Office,Lahore,2024-04-21,Paid Search
C04819,Consumer,Faisalabad,2024-02-16,Email
C04820,Consumer,Lahore,2022-10-21,Social Media
C04821,Home Office,Lahore,2022-08-29,Organic Search
C04822,Consumer,Rawalpindi,2024-02-23,Referral
C04823,Consumer,Lahore,2023-10-15,Referral
C04824,Small Business,Karachi,2024-08-20,Referral
C04825,Consumer,Karachi,2024-09-03,Organic Search
C04826,Small Business,Peshawar,2023-06-17,Organic Search
C04827,Consumer,Karachi,2023-04-22,Affiliate
C04828,Small Business,Faisalabad,2024-01-09,Paid Search
C04829,Consumer,Lahore,2022-10-14,Organic Search
C04830,Consumer,Lahore,2024-07-05,Paid Search
C04831,Consumer,Gujranwala,2025-04-30,Social Media
C04832,Consumer,Multan,2025-07-09,Organic Search
C04833,Consumer,Peshawar,2025-07-08,Paid Search
C04834,Home Office,Faisalabad,2024-11-30,Organic Search
C04835,Home Office,Rawalpindi,2024-08-01,Affiliate
C04836,Consumer,Lahore,2023-01-19,Paid Search
C04837,Consumer,Rawalpindi,2024-12-10,Referral
C04838,Small Business,Peshawar,2024-09-21,Paid Search
C04839,Consumer,Lahore,2023-05-20,Social Media
C04840,Consumer,Lahore,2022-06-15,Email
C04841,Consumer,Lahore,2025-10-13,Social Media
C04842,Consumer,Gujranwala,2025-07-13,Organic Search
C04843,Home Office,Gujranwala,2023-02-27,Affiliate
C04844,Consumer,Peshawar,2024-01-08,Affiliate
C04845,Consumer,Peshawar,2025-06-14,Organic Search
C04846,Home Office,Karachi,2025-10-30,Affiliate
C04847,Consumer,Karachi,2025-01-16,Referral
C04848,Consumer,Gujranwala,2023-09-23,Referral
C04849,Consumer,Islamabad,2022-11-02,Affiliate
C04850,Consumer,Karachi,2022-12-06,Social Media
C04851,Consumer,Peshawar,2025-06-14,Email
C04852,Home Office,Faisalabad,2024-04-15,Social Media
C04853,Small Business,Lahore,2025-07-05,Paid Search
C04854,Consumer,Lahore,2025-04-08,Organic Search
C04855,Consumer,Lahore,2025-08-08,Social Media
C04856,Consumer,Karachi,2023-04-14,Email
C04857,Consumer,Lahore,2023-09-15,Affiliate
C04858,Home Office,Lahore,2023-10-24,Referral
C04859,Consumer,Karachi,2024-07-07,Social Media
C04860,Consumer,Karachi,2024-10-18,Organic Search
C04861,Consumer,Lahore,2022-08-25,Social Media
C04862,Consumer,Peshawar,2024-03-17,Paid Search
C04863,Consumer,Lahore,2024-06-07,Organic Search
C04864,Consumer,Karachi,2022-06-22,Email
C04865,Consumer,Karachi,2023-09-23,Organic Search
C04866,Consumer,Lahore,2022-11-09,Affiliate
C04867,Small Business,Lahore,2022-12-25,Referral
C04868,Consumer,Karachi,2024-04-19,Paid Search
C04869,Consumer,Karachi,2024-08-21,Social Media
C04870,Consumer,Karachi,2023-08-20,Social Media
C04871,Consumer,Lahore,2022-07-09,Organic Search
C04872,Home Office,Peshawar,2025-01-12,Organic Search
C04873,Consumer,Rawalpindi,2023-12-21,Referral
C04874,Consumer,Lahore,2024-01-08,Referral
C04875,Consumer,Gujranwala,2025-01-28,Organic Search
C04876,Home Office,Karachi,2025-10-10,Email
C04877,Consumer,Karachi,2024-06-17,Organic Search
C04878,Consumer,Karachi,2023-12-20,Affiliate
C04879,Consumer,Karachi,2025-09-02,Affiliate
C04880,Home Office,Faisalabad,2024-05-12,Affiliate
C04881,Small Business,Islamabad,2025-10-22,Paid Search
C04882,Consumer,Islamabad,2023-06-11,social media
C04883,Home Office,Rawalpindi,2024-08-28,Email
C04884,Home Office,Lahore,2024-07-16,Social Media
C04885,Consumer,Lahore,2025-03-03,Organic Search
C04886,Home Office,,2022-11-15,Paid Search
C04887,Home Office,Karachi,2025-12-06,Organic Search
C04888,Small Business,Faisalabad,2025-06-02,Organic Search
C04889,Home Office,Karachi,2024-09-21,Affiliate
C04890,Consumer,Karachi,2022-06-09,Email
C04891,Consumer,Islamabad,2025-03-14,Referral
C04892,Consumer,Islamabad,2022-10-06,Email
C04893,Home Office,Lahore,2024-09-03,Affiliate
C04894,Consumer,Faisalabad,2024-06-04,Paid Search
C04895,Consumer,Karachi,2025-04-05,Paid Search
C04896,Consumer,Peshawar,2023-04-01,Referral
C04897,Consumer,Peshawar,2025-06-03,Affiliate
C04898,Small Business,Lahore,2024-03-16,Email
C04899,Home Office,Karachi,2025-08-01,Social Media
C04900,Consumer,Multan,2025-10-23,Referral
C04901,Small Business,Faisalabad,2024-02-26,Paid Search
C04902,Consumer,Rawalpindi,2023-12-31,Social Media
C04903,Consumer,Gujranwala,2024-02-20,Social Media
C04904,Consumer,Lahore,2023-08-21,Referral
C04905,Home Office,Lahore,2022-08-31,Organic Search
C04906,Home Office,Lahore,2024-09-04,Paid Search
C04907,Consumer,Faisalabad,2022-10-22,Paid Search
C04908,Consumer,Karachi,2023-09-27,Paid Search
C04909,Consumer,Rawalpindi,2023-12-25,Affiliate
C04910,Small Business,Peshawar,2023-03-14,Organic Search
C04911,Consumer,Islamabad,2022-09-08,Social Media
C04912,Consumer,Peshawar,2025-10-25,Affiliate
C04913,Small Business,Multan,2022-11-16,Paid Search
C04914,Consumer,Rawalpindi,2024-10-17,Affiliate
C04915,Consumer,Gujranwala,2023-07-30,Paid Search
C04916,Consumer,Multan,2024-09-24,Organic Search
C04917,Home Office,Lahore,2024-10-23,Social Media
C04918,Consumer,Gujranwala,2024-01-25,Organic Search
C04919,Consumer,Karachi,2025-03-19,Social Media
C04920,Consumer,Lahore,2025-03-04,Social Media
C04921,Small Business,Multan,2022-12-21,Organic Search
C04922,Home Office,Karachi,2025-02-22,Paid Search
C04923,Small Business,Rawalpindi,2025-05-10,Affiliate
C04924,Consumer,Rawalpindi,2025-01-04,Email
C04925,Consumer,Islamabad,2023-04-28,Paid search 
C04926,Home Office,Faisalabad,2024-07-27,Social Media
C04927,Consumer,Islamabad,2023-10-04,Email
C04928,Consumer,Islamabad,2024-07-25,Paid search 
C04929,Small Business,Karachi,2025-09-28,Social Media
C04930,Small Business,Lahore,2025-06-19,Organic Search
C04931,Consumer,Faisalabad,2025-10-04,Referral
C04932,Consumer,Karachi,2025-10-23,Paid Search
C04933,Consumer,Islamabad,2025-04-23,Affiliate
C04934,Consumer,Rawalpindi,2023-10-05,Referral
C04935,Consumer,Islamabad,2025-01-19,Referral
C04936,Small Business,Lahore,2023-10-30,Social Media
C04937,Small Business,Faisalabad,2023-02-13,Paid Search
C04938,Consumer,Multan,2022-08-17,Social Media
C04939,Consumer,Lahore,2022-12-22,Paid Search
C04940,Consumer,Islamabad,2025-04-29,Paid Search
C04941,Consumer,Lahore,2024-09-03,Referral
C04942,Consumer,Faisalabad,2022-08-13,Paid Search
C04943,Consumer,Karachi,2025-07-01,Paid Search
C04944,Home Office,Karachi,2023-11-11,Paid Search
C04945,Home Office,Rawalpindi,2023-08-23,Referral
C04946,Consumer,Lahore,2025-01-11,Social Media
C04947,Home Office,Rawalpindi,2024-05-16,Social Media
C04948,Home Office,Karachi,2024-03-10,Email
C04949,Consumer,Karachi,2024-07-19,Social Media
C04950,Home Office,Peshawar,2023-04-16,Paid Search
C04951,Small Business,Karachi,2024-09-02,Affiliate
C04952,Consumer,Lahore,2022-08-12,Social Media
C04953,Home Office,Lahore,2023-06-04,Email
C04954,Consumer,Peshawar,2024-07-04,Affiliate
C04955,Consumer,Lahore,2023-10-15,Organic Search
C04956,Consumer,Gujranwala,2023-10-29,Paid Search
C04957,Home Office,Faisalabad,2023-11-14,Email
C04958,Consumer,Peshawar,2023-07-26,Social Media
C04959,Consumer,Peshawar,2022-08-18,Affiliate
C04960,Consumer,Faisalabad,2025-12-10,Social Media
C04961,Consumer,Faisalabad,2024-03-16,Organic Search
C04962,Consumer,Islamabad,2025-07-10,Referral
C04963,Consumer,Peshawar,2024-11-30,Organic Search
C04964,Home Office,Karachi,2025-10-25,Paid Search
C04965,Consumer,Faisalabad,2023-07-03,Social Media
C04966,Home Office,Karachi,2024-09-30,Social Media
C04967,Consumer,Rawalpindi,2025-02-25,Email
C04968,Consumer,,2022-10-30,Email
C04969,Home Office,Rawalpindi,2025-08-03,Affiliate
C04970,Small Business,Lahore,2022-09-05,Organic Search
C04971,Consumer,Lahore,2023-06-17,Organic Search
C04972,Consumer,Islamabad,2024-07-06,Referral
C04973,Consumer,Rawalpindi,2024-12-15,Email
C04974,Consumer,Rawalpindi,2025-08-15,Organic Search
C04975,Consumer,Islamabad,2024-11-27,Email
C04976,Consumer,Islamabad,2025-02-14,Paid Search
C04977,Consumer,Peshawar,2024-12-21,Paid Search
C04978,Consumer,Karachi,2023-04-14,Affiliate
C04979,Consumer,Karachi,2024-07-18,Affiliate
C04980,Consumer,Lahore,2023-06-09,Organic Search
C04981,Small Business,Gujranwala,2023-02-01,Email
C04982,Home Office,Multan,2024-10-14,Email
C04983,Consumer,Lahore,2022-09-23,Organic Search
C04984,Consumer,Peshawar,2023-11-18,Email
C04985,Consumer,Multan,2022-10-11,Referral
C04986,Small Business,Lahore,2024-07-24,Social Media
C04987,Consumer,Gujranwala,2024-07-20,Social Media
C04988,Consumer,Faisalabad,2024-01-03,Paid Search
C04989,Home Office,Lahore,2024-04-02,Paid Search
C04990,Consumer,Islamabad,2023-10-10,Paid Search
C04991,Consumer,Islamabad,2024-03-06,Organic Search
C04992,Consumer,Islamabad,2023-01-07,Paid Search
C04993,Home Office,Karachi,2025-07-30,Paid Search
C04994,Small Business,Rawalpindi,2022-09-04,Organic Search
C04995,Consumer,Multan,2025-06-06,Organic Search
C04996,Consumer,Rawalpindi,2024-07-05,Organic Search
C04997,Small Business,Islamabad,2024-03-23,Email
C04998,Small Business,Faisalabad,2025-08-23,Organic Search
C04999,Consumer,Gujranwala,2023-12-26,Email
C05000,Consumer,Multan,2023-03-18,Organic Search
C05001,Consumer,Karachi,2023-04-02,Email
C05002,Small Business,Karachi,2022-07-16,Organic Search
C05003,Consumer,Peshawar,2022-09-18,Affiliate
C05004,Consumer,Gujranwala,2022-09-28,Email
C05005,Consumer,Karachi,2025-05-03,Social Media
C05006,Small Business,Lahore,2025-03-20,Organic Search
C05007,Small Business,Lahore,2023-07-06,Referral
C05008,Consumer,Karachi,2025-10-25,Social Media
C05009,Home Office,Gujranwala,2025-11-11,Social Media
C05010,Consumer,Multan,2024-08-23,Affiliate
C05011,Home Office,Lahore,2022-06-25,Social Media
C05012,Small Business,Lahore,2024-05-11,Email
C05013,Small Business,Multan,2022-11-25,Paid Search
C05014,Home Office,Multan,2023-08-29,Organic Search
C05015,Small Business,Lahore,2025-06-20,Referral
C05016,Consumer,Islamabad,2025-03-22,Affiliate
C05017,Consumer,Islamabad,2022-10-27,Email
C05018,Small Business,Lahore,2025-07-03,Organic Search
C05019,Consumer,Lahore,2023-09-01,Organic Search
C05020,Consumer,Rawalpindi,2022-07-26,Paid Search
C05021,Consumer,Karachi,2023-06-28,Organic Search
C05022,Home Office,Karachi,2024-05-07,Social Media
C05023,Small Business,Gujranwala,2022-11-26,Referral
C05024,Home Office,Islamabad,2022-11-16,Social Media
C05025,Consumer,Lahore,2022-06-12,Paid Search
C05026,Consumer,Karachi,2023-12-27,Affiliate
C05027,Home Office,Gujranwala,2022-07-18,Organic Search
C05028,Consumer,Gujranwala,2024-04-30,Paid Search
C05029,Consumer,Karachi,2023-02-23,Social Media
C05030,Consumer,Lahore,2023-03-19,social media
C05031,Small Business,Karachi,2023-07-06,Referral
C05032,Consumer,Peshawar,2022-10-22,Paid Search
C05033,Consumer,Lahore,2023-05-10,Social Media
C05034,Consumer,Rawalpindi,2024-05-28,Paid Search
C05035,Consumer,Karachi,2023-02-22,Organic Search
C05036,Consumer,Rawalpindi,2024-03-26,Referral
C05037,Home Office,Karachi,2023-08-06,Email
C05038,Home Office,Gujranwala,2025-08-20,Affiliate
C05039,Small Business,Rawalpindi,2024-01-05,Organic Search
C05040,Consumer,Karachi,2025-10-03,Email
C05041,Small Business,Islamabad,2022-12-30,Referral
C05042,Consumer,Karachi,2025-01-25,Social Media
C05043,Consumer,Lahore,2025-07-12,Paid Search
C05044,Small Business,Rawalpindi,2022-07-24,Social Media
C05045,Home Office,Karachi,2025-05-24,Email
C05046,Consumer,Karachi,2023-08-04,Organic Search
C05047,Small Business,Karachi,2023-01-27,Email
C05048,Small Business,Lahore,2024-08-30,Paid Search
C05049,Consumer,Peshawar,2022-06-22,Referral
C05050,Consumer,Islamabad,2023-07-15,Organic Search
C05051,Consumer,Lahore,2022-12-31,Paid Search
C05052,Consumer,Islamabad,2025-04-18,Organic Search
C05053,Consumer,Lahore,2024-11-30,Organic Search
C05054,Consumer,Karachi,2023-06-13,Affiliate
C05055,Consumer,Lahore,2025-11-25,Organic Search
C05056,Consumer,Lahore,2022-10-09,Social Media
C05057,Home Office,Peshawar,2023-09-16,Organic Search
C05058,Consumer,Lahore,2025-04-28,Referral
C05059,Consumer,Gujranwala,2024-01-04,Referral
C05060,Small Business,Karachi,2024-03-18,Paid Search
C05061,Consumer,Peshawar,2025-01-14,Organic Search
C05062,Small Business,Karachi,2024-07-28,Organic Search
C05063,Small Business,Islamabad,2023-06-17,Organic Search
C05064,Consumer,Lahore,2023-09-14,Organic Search
C05065,Consumer,Karachi,2023-12-26,Social Media
C05066,Consumer,Islamabad,2025-07-22,Social Media
C05067,Home Office,Lahore,2024-09-18,Social Media
C05068,Consumer,Lahore,2024-10-29,Organic Search
C05069,Small Business,Lahore,2024-03-20,Paid Search
C05070,Consumer,Karachi,2023-05-22,Referral
C05071,Consumer,Faisalabad,2025-01-14,Organic Search
C05072,Consumer,Karachi,2023-06-10,Paid Search
C05073,Consumer,Gujranwala,2023-03-27,Organic Search
C05074,Consumer,Karachi,2024-07-05,Paid Search
C05075,Small Business,Rawalpindi,2022-07-22,Affiliate
C05076,Consumer,Islamabad,2025-01-07,Referral
C05077,Small Business,Islamabad,2024-10-06,Paid Search
C05078,Home Office,Rawalpindi,2024-08-12,Referral
C05079,Consumer,Islamabad,2023-06-08,Paid Search
C05080,Small Business,Karachi,2023-05-16,Organic Search
C05081,Home Office,Karachi,2024-12-20,Referral
C05082,Consumer,Faisalabad,2025-06-15,Paid Search
C05083,Small Business,Gujranwala,2023-09-14,Affiliate
C05084,Consumer,Islamabad,2024-05-21,Organic Search
C05085,Consumer,Islamabad,2024-01-15,Organic Search
C05086,Home Office,Lahore,2025-11-10,Paid Search
C05087,Home Office,Karachi,2025-05-13,Organic Search
C05088,Small Business,Peshawar,2024-04-14,Email
C05089,Consumer,Lahore,2022-12-09,Referral
C05090,Home Office,Karachi,2024-08-26,Paid Search
C05091,Consumer,Peshawar,2025-10-12,Organic Search
C05092,Consumer,Karachi,2025-07-24,Organic Search
C05093,Consumer,Multan,2025-08-18,Paid Search
C05094,Small Business,Lahore,2024-09-07,Social Media
C05095,Consumer,Lahore,2024-04-21,Referral
C05096,Consumer,Lahore,2024-10-16,Paid Search
C05097,Consumer,Islamabad,2022-12-02,Social Media
C05098,Consumer,Karachi,2024-09-16,Email
C05099,Consumer,Karachi,2022-09-21,Affiliate
C05100,Consumer,Faisalabad,2023-05-21,Social Media
C05101,Consumer,Islamabad,2025-09-10,Organic Search
C05102,Small Business,Multan,2023-07-21,Paid Search
C05103,Consumer,Islamabad,2024-09-21,Social Media
C05104,Consumer,Karachi,2022-11-16,Social Media
C05105,Consumer,Faisalabad,2025-01-20,Social Media
C05106,Small Business,Karachi,2023-06-08,Paid Search
C05107,Home Office,Lahore,2025-04-25,Paid search 
C05108,Consumer,Islamabad,2024-07-01,Organic Search
C05109,Consumer,Peshawar,2024-08-09,Paid Search
C05110,Consumer,Lahore,2024-08-18,Organic Search
C05111,Small Business,Faisalabad,2024-10-26,Email
C05112,Consumer,Lahore,2025-07-15,Social Media
C05113,Consumer,Islamabad,2023-06-20,social media
C05114,Consumer,Karachi,2024-09-18,Social Media
C05115,Home Office,Rawalpindi,2024-07-28,Organic Search
C05116,Small Business,Karachi,2022-12-04,Organic Search
C05117,Home Office,Karachi,2023-07-14,Organic Search
C05118,Home Office,Lahore,2025-10-18,Email
C05119,Consumer,Lahore,2022-09-06,Social Media
C05120,Consumer,Multan,2023-08-16,Organic Search
C05121,Small Business,Karachi,2022-10-10,Affiliate
C05122,Consumer,Karachi,2025-07-07,Social Media
C05123,Small Business,Islamabad,2024-12-16,Email
C05124,Home Office,,2024-02-20,Social Media
C05125,Consumer,Lahore,2025-09-08,Email
C05126,Consumer,,2025-04-12,Paid Search
C05127,Consumer,Rawalpindi,2025-06-27,Email
C05128,Small Business,Karachi,2025-06-01,Paid Search
C05129,Small Business,Lahore,2024-04-04,Organic Search
C05130,Consumer,Islamabad,2023-03-27,Referral
C05131,Consumer,Faisalabad,2022-12-29,Email
C05132,Consumer,Lahore,2022-12-28,Referral
C05133,Consumer,Peshawar,2024-02-07,Email
C05134,Consumer,Rawalpindi,2023-09-22,Organic Search
C05135,Home Office,Karachi,2025-05-23,Referral
C05136,Consumer,Karachi,2024-06-04,Paid Search
C05137,Consumer,Karachi,2022-06-13,Paid Search
C05138,Consumer,Karachi,2023-07-02,Social Media
C05139,Small Business,Karachi,2024-01-31,Email
C05140,Consumer,Karachi,2023-09-07,Organic Search
C05141,Consumer,Karachi,2023-10-23,Paid Search
C05142,Consumer,Multan,2025-02-21,Affiliate
C05143,Consumer,Faisalabad,2025-02-10,Organic Search
C05144,Consumer,Lahore,2024-09-09,Social Media
C05145,Consumer,Karachi,2023-02-26,Referral
C05146,Consumer,Lahore,2023-08-03,Email
C05147,Small Business,Karachi,2025-01-12,Organic Search
C05148,Small Business,Karachi,2024-09-20,Referral
C05149,Small Business,Rawalpindi,2022-07-18,Organic Search
C05150,Consumer,Faisalabad,2023-05-13,Referral
C05151,Consumer,Peshawar,2022-09-05,Organic Search
C05152,Small Business,Karachi,2022-11-15,Email
C05153,Home Office,Karachi,2023-04-22,Social Media
C05154,Home Office,Karachi,2025-06-01,Referral
C05155,Consumer,Karachi,2024-05-18,Email
C05156,Consumer,Peshawar,2024-12-20,Affiliate
C05157,Home Office,Multan,2024-08-25,Social Media
C05158,Consumer,Faisalabad,2024-04-02,Paid Search
C05159,Consumer,Islamabad,2022-08-25,Paid Search
C05160,Consumer,Islamabad,2025-06-27,Organic Search
C05161,Small Business,Peshawar,2022-11-25,Referral
C05162,Consumer,Karachi,2024-01-09,Affiliate
C05163,Small Business,Islamabad,2024-04-20,Paid Search
C05164,Consumer,Karachi,2022-06-12,Organic Search
C05165,Consumer,Islamabad,2022-10-02,Social Media
C05166,Consumer,Peshawar,2023-04-01,Organic Search
C05167,Home Office,Rawalpindi,2024-06-06,Paid Search
C05168,Small Business,Islamabad,2025-06-12,Social Media
C05169,Consumer,Lahore,2023-07-19,Affiliate
C05170,Consumer,Karachi,2025-08-30,Referral
C05171,Small Business,Karachi,2024-09-30,Paid Search
C05172,Consumer,Multan,2025-06-29,Affiliate
C05173,Consumer,Karachi,2023-01-21,Email
C05174,Consumer,Islamabad,2022-09-04,Social Media
C05175,Consumer,,2022-08-22,Organic Search
C05176,Consumer,Islamabad,2023-01-16,Email
C05177,Consumer,Faisalabad,2024-10-02,Paid Search
C05178,Small Business,Faisalabad,2022-08-13,Paid Search
C05179,Consumer,Gujranwala,2023-03-16,Organic Search
C05180,Consumer,Rawalpindi,2024-05-14,Organic Search
C05181,Consumer,Karachi,2023-12-02,Paid Search
C05182,Home Office,Karachi,2025-11-22,Organic Search
C05183,Consumer,Faisalabad,2025-04-20,Social Media
C05184,Consumer,Peshawar,2024-09-06,Organic Search
C05185,Home Office,Gujranwala,2024-11-26,Email
C05186,Home Office,Gujranwala,2023-09-29,Organic Search
C05187,Consumer,Rawalpindi,2023-05-26,Social Media
C05188,Small Business,Lahore,2025-09-21,Paid Search
C05189,Consumer,Faisalabad,2023-09-25,Organic Search
C05190,Consumer,Gujranwala,2023-09-13,Paid Search
C05191,Consumer,Lahore,2025-06-12,Email
C05192,Consumer,Lahore,2022-11-02,Email
C05193,Consumer,Lahore,2025-10-17,Referral
C05194,Home Office,Gujranwala,2024-12-30,Organic Search
C05195,Small Business,Multan,2025-02-05,Organic Search
C05196,Consumer,Rawalpindi,2023-11-28,Affiliate
C05197,Home Office,Islamabad,2023-11-28,Email
C05198,Consumer,Multan,2025-11-30,Referral
C05199,Consumer,Faisalabad,2024-06-23,Affiliate
C05200,Small Business,Multan,2023-06-29,Organic Search
C05201,Home Office,Rawalpindi,2022-08-02,Referral
C05202,Small Business,Karachi,2023-06-08,Affiliate
C05203,Consumer,Faisalabad,2022-08-12,Paid Search
C05204,Consumer,Karachi,2024-05-21,Paid Search
C05205,Small Business,Multan,2024-07-25,Organic Search
C05206,Consumer,Gujranwala,2024-07-08,Affiliate
C05207,Consumer,Karachi,2025-02-14,Referral
C05208,Small Business,Lahore,2025-04-14,Referral
C05209,Consumer,Karachi,2023-11-01,Paid Search
C05210,Home Office,Islamabad,2025-10-23,Affiliate
C05211,Consumer,Peshawar,2022-09-04,Referral
C05212,Consumer,Gujranwala,2025-11-14,Organic Search
C05213,Consumer,Gujranwala,2023-12-05,Social Media
C05214,Small Business,Islamabad,2024-12-05,Referral
C05215,Home Office,Peshawar,2024-01-15,Organic Search
C05216,Home Office,Peshawar,2025-02-07,Social Media
C05217,Consumer,Karachi,2023-07-06,Social Media
C05218,Consumer,Karachi,2024-01-17,Paid Search
C05219,Consumer,Peshawar,2022-08-25,Referral
C05220,Consumer,Rawalpindi,2025-04-17,Paid Search
C05221,Small Business,Multan,2024-06-29,Organic Search
C05222,Consumer,Karachi,2023-12-21,Paid Search
C05223,Consumer,Multan,2024-04-09,Affiliate
C05224,Consumer,Faisalabad,2025-11-16,Affiliate
C05225,Home Office,Gujranwala,2023-01-25,Email
C05226,Consumer,Faisalabad,2023-12-07,Paid Search
C05227,Home Office,Karachi,2023-07-24,Referral
C05228,Small Business,Lahore,2025-04-10,Social Media
C05229,Small Business,Faisalabad,2022-07-09,Social Media
C05230,Consumer,Peshawar,2025-05-24,Referral
C05231,Consumer,Islamabad,2022-08-29,Organic Search
C05232,Consumer,Peshawar,2023-10-16,Paid Search
C05233,Consumer,Islamabad,2025-01-23,Email
C05234,Consumer,Multan,2025-06-01,Paid Search
C05235,Consumer,Multan,2023-01-09,Paid Search
C05236,Consumer,Karachi,2023-07-05,Organic Search
C05237,Consumer,Rawalpindi,2024-07-14,Affiliate
C05238,Home Office,Rawalpindi,2024-08-12,Referral
C05239,Home Office,Karachi,2024-07-07,Organic Search
C05240,Consumer,Karachi,2022-12-16,Social Media
C05241,Consumer,Lahore,2025-04-27,Organic Search
C05242,Consumer,Lahore,2025-01-04,Organic Search
C05243,Consumer,Peshawar,2023-11-16,Affiliate
C05244,Consumer,Karachi,2023-02-17,Organic Search
C05245,Consumer,Karachi,2024-04-07,Social Media
C05246,Home Office,Islamabad,2022-12-31,Referral
C05247,Small Business,Lahore,2025-04-30,Paid Search
C05248,Consumer,Karachi,2024-01-05,Paid Search
C05249,Home Office,Lahore,2025-05-16,Email
C05250,Consumer,Islamabad,2023-10-25,Email
C05251,Consumer,Lahore,2025-12-05,Affiliate
C05252,Consumer,Islamabad,2025-11-22,Social Media
C05253,Home Office,Gujranwala,2022-10-27,Paid Search
C05254,Home Office,Islamabad,2025-01-23,Email
C05255,Small Business,Faisalabad,2022-11-28,Paid search 
C05256,Consumer,Gujranwala,2025-10-15,Paid Search
C05257,Small Business,Karachi,2023-08-20,Paid Search
C05258,Consumer,Peshawar,2025-01-13,Organic Search
C05259,Consumer,Gujranwala,2023-09-18,Social Media
C05260,Small Business,Lahore,2025-08-04,Social Media
C05261,Consumer,Multan,2022-10-23,Paid Search
C05262,Consumer,Lahore,2023-04-12,Paid Search
C05263,Consumer,Lahore,2024-10-02,Affiliate
C05264,Home Office,Lahore,2023-07-11,Email
C05265,Consumer,Karachi,2022-08-02,Paid Search
C05266,Consumer,Karachi,2025-01-17,Paid Search
C05267,Home Office,Karachi,2025-03-15,Social Media
C05268,Consumer,Peshawar,2024-03-28,Email
C05269,Consumer,Lahore,2024-02-29,Organic Search
C05270,Consumer,Lahore,2024-07-31,Paid Search
C05271,Consumer,Karachi,2025-11-04,Organic Search
C05272,Consumer,Karachi,2024-03-14,Organic Search
C05273,Small Business,Rawalpindi,2025-12-19,Social Media
C05274,Home Office,Peshawar,2025-04-07,Paid Search
C05275,Consumer,Karachi,2025-04-21,Paid Search
C05276,Home Office,Lahore,2022-09-20,Email
C05277,Consumer,Islamabad,2024-04-22,Paid Search
C05278,Home Office,Karachi,2025-07-12,Paid Search
C05279,Small Business,Lahore,2025-11-13,Organic Search
C05280,Consumer,Lahore,2024-06-28,Social Media
C05281,Small Business,Lahore,2025-06-21,Affiliate
C05282,Home Office,Karachi,2023-11-12,Affiliate
C05283,Consumer,Peshawar,2024-04-27,Email
C05284,Home Office,Multan,2025-06-02,Paid Search
C05285,Home Office,Multan,2023-09-10,Organic Search
C05286,Home Office,Gujranwala,2024-11-25,Referral
C05287,Small Business,Gujranwala,2023-05-26,Social Media
C05288,Consumer,Karachi,2022-09-21,Social Media
C05289,Small Business,Faisalabad,2023-05-08,Organic Search
C05290,Consumer,Faisalabad,2022-08-29,Referral
C05291,Consumer,Multan,2023-08-12,Affiliate
C05292,Consumer,Faisalabad,2023-08-19,Organic Search
C05293,Home Office,Rawalpindi,2022-12-29,Organic Search
C05294,Consumer,Karachi,2025-05-31,Paid Search
C05295,Consumer,Karachi,2024-01-18,Organic Search
C05296,Consumer,Multan,2023-02-15,Affiliate
C05297,Home Office,Peshawar,2023-01-29,Organic Search
C05298,Consumer,Lahore,2024-04-20,Affiliate
C05299,Consumer,Lahore,2024-07-28,Referral
C05300,Consumer,Karachi,2022-12-07,Social Media
C05301,Consumer,Multan,2025-04-12,Paid Search
C05302,Consumer,Multan,2024-12-08,Social Media
C05303,Consumer,Gujranwala,2025-09-16,Affiliate
C05304,Consumer,Islamabad,2023-04-12,Email
C05305,Home Office,Karachi,2023-02-07,Affiliate
C05306,Home Office,Lahore,2024-02-09,Email
C05307,Consumer,Rawalpindi,2025-08-27,Organic Search
C05308,Consumer,Lahore,2025-10-11,Email
C05309,Small Business,Karachi,2022-11-14,Social Media
C05310,Home Office,Islamabad,2023-01-21,Paid Search
C05311,Consumer,Gujranwala,2025-06-28,Affiliate
C05312,Small Business,Lahore,2022-11-08,Social Media
C05313,Small Business,,2024-08-17,Paid Search
C05314,Consumer,Lahore,2022-09-30,Organic Search
C05315,Home Office,Islamabad,2024-10-26,Social Media
C05316,Consumer,Islamabad,2023-09-12,Organic Search
C05317,Consumer,,2024-04-09,Referral
C05318,Small Business,Karachi,2023-06-14,Referral
C05319,Small Business,Islamabad,2025-09-04,Email
C05320,Consumer,Karachi,2022-11-06,Paid Search
C05321,Consumer,Faisalabad,2025-04-17,Organic Search
C05322,Consumer,Islamabad,2024-03-08,Paid Search
C05323,Small Business,Karachi,2025-12-19,Social Media
C05324,Consumer,Karachi,2023-05-28,Referral
C05325,Small Business,Faisalabad,2024-11-06,Paid Search
C05326,Home Office,Gujranwala,2024-10-23,Organic Search
C05327,Consumer,Rawalpindi,2023-12-08,Organic Search
C05328,Consumer,Karachi,2024-08-27,Paid Search
C05329,Consumer,Karachi,2023-07-27,Organic Search
C05330,Home Office,Karachi,2025-10-24,Paid Search
C05331,Home Office,Karachi,2025-04-30,Organic Search
C05332,Consumer,Peshawar,2024-02-29,Affiliate
C05333,Consumer,Lahore,2022-12-21,Organic Search
C05334,Consumer,Lahore,2025-02-03,Email
C05335,Consumer,Faisalabad,2024-02-10,Organic Search
C05336,Small Business,Multan,2023-09-20,Referral
C05337,Consumer,Karachi,2024-02-14,Email
C05338,Small Business,Lahore,2022-06-17,Referral
C05339,Consumer,Lahore,2025-05-14,Organic Search
C05340,Small Business,Gujranwala,2024-11-21,Affiliate
C05341,Consumer,Faisalabad,2023-03-17,Affiliate
C05342,Home Office,Lahore,2022-11-08,Social Media
C05343,Consumer,Karachi,2024-06-30,Social Media
C05344,Home Office,Gujranwala,2024-10-20,Email
C05345,Consumer,Karachi,2024-09-03,Paid Search
C05346,Small Business,Karachi,2023-06-09,Paid Search
C05347,Home Office,Gujranwala,2024-08-17,Affiliate
C05348,Consumer,Karachi,2022-12-11,Affiliate
C05349,Consumer,Multan,2025-03-02,Paid Search
C05350,Consumer,Lahore,2025-10-07,Organic Search
C05351,Consumer,Peshawar,2025-10-25,Organic Search
C05352,Consumer,Karachi,2025-07-30,Organic Search
C05353,Consumer,Faisalabad,2024-06-01,Paid Search
C05354,Home Office,Faisalabad,2022-11-19,Affiliate
C05355,Home Office,Rawalpindi,2025-05-31,Paid Search
C05356,Consumer,Karachi,2022-09-16,Affiliate
C05357,Consumer,Gujranwala,2023-03-16,Social Media
C05358,Consumer,Faisalabad,2024-12-17,Referral
C05359,Consumer,Rawalpindi,2023-12-12,Social Media
C05360,Consumer,Gujranwala,2024-09-21,Referral
C05361,Home Office,Karachi,2023-11-03,Email
C05362,Small Business,Faisalabad,2022-06-26,Referral
C05363,Consumer,Lahore,2024-01-13,Paid Search
C05364,Small Business,Faisalabad,2025-10-16,Paid Search
C05365,Consumer,Lahore,2024-07-01,Paid Search
C05366,Consumer,Lahore,2025-06-19,Email
C05367,Home Office,Rawalpindi,2023-03-03,Email
C05368,Consumer,Rawalpindi,2022-10-01,Organic Search
C05369,Consumer,Faisalabad,2024-06-13,Social Media
C05370,Consumer,Karachi,2025-05-14,Paid Search
C05371,Consumer,Gujranwala,2023-05-08,Affiliate
C05372,Small Business,Gujranwala,2023-12-12,Affiliate
C05373,Consumer,Lahore,2025-04-15,Affiliate
C05374,Consumer,Karachi,2025-05-12,Social Media
C05375,Consumer,Gujranwala,2022-07-03,Referral
C05376,Consumer,Gujranwala,2025-04-28,Social Media
C05377,Consumer,Multan,2024-01-30,social media
C05378,Consumer,Lahore,2024-06-18,Affiliate
C05379,Consumer,Karachi,2024-09-19,Social Media
C05380,Consumer,Karachi,2023-09-04,Paid Search
C05381,Consumer,Karachi,2025-07-07,Organic Search
C05382,Consumer,Karachi,2022-06-01,Paid Search
C05383,Small Business,Islamabad,2025-03-24,Referral
C05384,Home Office,Lahore,2024-10-06,Email
C05385,Consumer,Rawalpindi,2023-04-03,Social Media
C05386,Consumer,Rawalpindi,2024-04-06,Email
C05387,Home Office,Lahore,2025-02-06,Paid Search
C05388,Consumer,Lahore,2025-10-27,Organic Search
C05389,Consumer,Karachi,2025-03-23,Organic Search
C05390,Small Business,Lahore,2025-04-27,Organic Search
C05391,Home Office,Peshawar,2025-01-07,Paid Search
C05392,Consumer,Faisalabad,2022-09-20,Social Media
C05393,Consumer,Faisalabad,2023-12-08,Email
C05394,Consumer,Lahore,2023-09-11,Affiliate
C05395,Consumer,Islamabad,2025-07-15,Social Media
C05396,Consumer,Islamabad,2022-12-12,Organic Search
C05397,Small Business,Karachi,2025-01-19,Affiliate
C05398,Consumer,Karachi,2024-12-30,Affiliate
C05399,Small Business,Faisalabad,2024-11-16,Social Media
C05400,Consumer,Lahore,2025-08-09,Organic Search
C05401,Consumer,Karachi,2023-01-25,Email
C05402,Small Business,Karachi,2025-01-20,Paid Search
C05403,Consumer,Gujranwala,2023-02-19,Organic Search
C05404,Consumer,Rawalpindi,2023-04-22,Referral
C05405,Small Business,Gujranwala,2023-01-14,Organic Search
C05406,Home Office,Gujranwala,2023-12-25,Social Media
C05407,Home Office,Karachi,2023-03-15,Affiliate
C05408,Consumer,Lahore,2023-03-07,Social Media
C05409,Small Business,Karachi,2024-03-06,Paid Search
C05410,Home Office,Islamabad,2024-12-22,Organic Search
C05411,Consumer,Peshawar,2022-11-10,Paid Search
C05412,Consumer,Faisalabad,2023-03-16,Paid Search
C05413,Consumer,Peshawar,2023-02-11,Social Media
C05414,Consumer,Lahore,2023-08-01,Email
C05415,Home Office,Islamabad,2025-05-25,Email
C05416,Home Office,Multan,2023-11-10,Paid Search
C05417,Home Office,Lahore,2024-03-29,Social Media
C05418,Consumer,Peshawar,2025-10-23,Paid Search
C05419,Consumer,Karachi,2023-10-27,Organic Search
C05420,Home Office,Karachi,2023-08-28,Organic Search
C05421,Consumer,Peshawar,2023-10-03,Paid Search
C05422,Home Office,Multan,2023-11-21,Paid Search
C05423,Small Business,Karachi,2023-03-28,Organic Search
C05424,Consumer,Multan,2024-12-22,Social Media
C05425,Consumer,Lahore,2023-06-24,Affiliate
C05426,Home Office,Karachi,2024-07-27,Affiliate
C05427,Consumer,Karachi,2024-06-23,Email
C05428,Consumer,Karachi,2022-06-11,Social Media
C05429,Consumer,Gujranwala,2024-10-23,Paid Search
C05430,Consumer,Karachi,2024-01-05,Email
C05431,Consumer,Multan,2024-08-03,Paid Search
C05432,Home Office,Gujranwala,2023-06-17,Email
C05433,Home Office,Karachi,2023-02-24,Affiliate
C05434,Home Office,Karachi,2024-10-15,Email
C05435,Consumer,Rawalpindi,2023-05-05,Referral
C05436,Small Business,Gujranwala,2024-02-21,Social Media
C05437,Small Business,Karachi,2023-08-22,Social Media
C05438,Consumer,Peshawar,2025-03-30,Paid Search
C05439,Small Business,Islamabad,2022-08-15,Referral
C05440,Small Business,Karachi,2024-02-20,Organic Search
C05441,Home Office,Multan,2022-06-09,Paid Search
C05442,Consumer,Lahore,2025-04-07,Affiliate
C05443,Home Office,Karachi,2023-05-03,Referral
C05444,Home Office,Lahore,2024-02-13,Organic Search
C05445,Home Office,Faisalabad,2025-03-15,Organic Search
C05446,Home Office,Karachi,2025-07-30,Referral
C05447,Consumer,Gujranwala,2024-10-21,Affiliate
C05448,Consumer,Karachi,2024-01-08,Affiliate
C05449,Home Office,Lahore,2023-04-30,Organic Search
C05450,Consumer,Karachi,2023-04-24,Paid Search
C05451,Consumer,Faisalabad,2023-09-02,Organic Search
C05452,Home Office,Lahore,2024-05-22,Organic Search
C05453,Consumer,Islamabad,2024-12-05,Social Media
C05454,Home Office,,2025-09-14,Social Media
C05455,Consumer,Islamabad,2025-09-23,Organic Search
C05456,Consumer,Karachi,2022-11-29,Organic Search
C05457,Home Office,Gujranwala,2024-04-29,Referral
C05458,Consumer,Karachi,2024-09-17,Affiliate
C05459,Consumer,Karachi,2025-11-23,Paid Search
C05460,Consumer,Islamabad,2025-03-03,Affiliate
C05461,Home Office,Peshawar,2023-09-04,Referral
C05462,Consumer,Karachi,2023-01-12,Organic Search
C05463,Consumer,Multan,2023-03-31,Social Media
C05464,Consumer,Karachi,2023-06-07,Organic Search
C05465,Consumer,Faisalabad,2025-05-13,Organic Search
C05466,Consumer,Islamabad,2022-09-17,Referral
C05467,Consumer,Peshawar,2023-10-03,Social Media
C05468,Consumer,Lahore,2023-08-13,Social Media
C05469,Home Office,Islamabad,2025-10-30,Social Media
C05470,Small Business,Multan,2025-04-17,Organic Search
C05471,Small Business,Rawalpindi,2023-11-13,Paid Search
C05472,Consumer,Islamabad,2023-12-18,Organic Search
C05473,Home Office,Faisalabad,2025-10-19,Social Media
C05474,Home Office,Faisalabad,2023-08-22,Organic Search
C05475,Small Business,Lahore,2022-10-26,Social Media
C05476,Consumer,Lahore,2024-03-01,Organic Search
C05477,Consumer,Karachi,2024-02-03,Referral
C05478,Home Office,Lahore,2024-09-11,Paid Search
C05479,Home Office,Gujranwala,2024-08-11,Paid Search
C05480,Consumer,Lahore,2024-05-18,Referral
C05481,Home Office,Peshawar,2025-03-27,Social Media
C05482,Consumer,Lahore,2023-10-07,Organic Search
C05483,Consumer,Lahore,2023-01-06,Organic Search
C05484,Consumer,Lahore,2024-10-04,Referral
C05485,Consumer,Gujranwala,2024-07-12,Affiliate
C05486,Consumer,Karachi,2025-01-29,Organic Search
C05487,Consumer,Islamabad,2023-07-22,Referral
C05488,Consumer,Lahore,2023-06-28,Paid Search
C05489,Consumer,Peshawar,2023-09-02,Social Media
C05490,Consumer,Faisalabad,2023-02-09,Paid Search
C05491,Home Office,Karachi,2023-09-09,Email
C05492,Home Office,Gujranwala,2024-10-03,Paid Search
C05493,Consumer,Gujranwala,2023-07-25,Organic Search
C05494,Consumer,Rawalpindi,2024-12-07,Referral
C05495,Home Office,Karachi,2022-07-19,Email
C05496,Home Office,Faisalabad,2024-03-27,Referral
C05497,Home Office,Peshawar,2025-09-01,Social Media
C05498,Small Business,Lahore,2023-07-30,Email
C05499,Consumer,Karachi,2025-01-08,Organic Search
C05500,Consumer,Karachi,2024-05-17,Referral
C05501,Home Office,Peshawar,2023-10-14,Social Media
C05502,Consumer,Karachi,2022-06-05,Organic Search
C05503,Home Office,Islamabad,2023-04-25,Organic Search
C05504,Consumer,Peshawar,2024-09-09,Referral
C05505,Home Office,Lahore,2025-07-25,Social Media
C05506,Consumer,Peshawar,2024-07-26,Paid Search
C05507,Home Office,Gujranwala,2024-07-27,Email
C05508,Small Business,Karachi,2024-02-17,Social Media
C05509,Consumer,Rawalpindi,2022-07-17,Social Media
C05510,Consumer,Rawalpindi,2024-08-31,Paid Search
C05511,Consumer,Rawalpindi,2023-12-18,Paid Search
C05512,Consumer,Lahore,2025-05-05,Social Media
C05513,Consumer,Gujranwala,2024-08-19,Social Media
C05514,Home Office,Rawalpindi,2023-06-05,Paid Search
C05515,Small Business,Gujranwala,2024-02-15,Paid Search
C05516,Small Business,Lahore,2022-06-08,Affiliate
C05517,Consumer,Lahore,2024-10-21,Referral
C05518,Home Office,Karachi,2024-01-23,Affiliate
C05519,Consumer,Faisalabad,2023-10-12,Organic Search
C05520,Consumer,Peshawar,2024-07-22,Referral
C05521,Consumer,Gujranwala,2023-10-20,Referral
C05522,Consumer,Multan,2023-03-15,Organic Search
C05523,Home Office,Rawalpindi,2024-03-07,Affiliate
C05524,Consumer,Islamabad,2022-12-22,Paid Search
C05525,Consumer,Faisalabad,2022-11-23,Referral
C05526,Home Office,Multan,2023-07-06,Affiliate
C05527,Small Business,Lahore,2024-05-12,Paid Search
C05528,Home Office,Karachi,2023-01-08,Affiliate
C05529,Consumer,Rawalpindi,2022-06-29,Social Media
C05530,Consumer,Islamabad,2024-06-02,Social Media
C05531,Consumer,Islamabad,2023-06-19,Organic Search
C05532,Consumer,Faisalabad,2025-01-05,Organic Search
C05533,Consumer,Peshawar,2024-03-28,Organic Search
C05534,Home Office,Lahore,2025-01-29,Referral
C05535,Consumer,Peshawar,2024-01-18,Organic Search
C05536,Consumer,Karachi,2022-12-24,Referral
C05537,Consumer,Islamabad,2025-02-05,Organic Search
C05538,Home Office,Lahore,2024-04-23,Paid Search
C05539,Consumer,Multan,2023-01-31,Affiliate
C05540,Small Business,,2024-06-16,Paid Search
C05541,Home Office,Rawalpindi,2023-03-13,Affiliate
C05542,Home Office,Rawalpindi,2023-07-06,Affiliate
C05543,Consumer,Karachi,2022-08-15,Referral
C05544,Small Business,Lahore,2024-07-14,Referral
C05545,Consumer,Rawalpindi,2022-10-19,Paid Search
C05546,Home Office,Faisalabad,2023-05-25,Organic Search
C05547,Home Office,Islamabad,2024-09-27,Organic Search
C05548,Consumer,Multan,2025-02-11,Paid Search
C05549,Home Office,Islamabad,2023-06-13,Email
C05550,Consumer,Rawalpindi,2024-11-14,Email
C05551,Consumer,Rawalpindi,2022-12-28,Social Media
C05552,Consumer,Lahore,2022-09-05,Social Media
C05553,Consumer,Multan,2022-08-10,Paid Search
C05554,Home Office,Karachi,2024-09-10,Email
C05555,Small Business,Lahore,2025-02-14,Email
C05556,Consumer,Peshawar,2025-12-15,Email
C05557,Home Office,Islamabad,2024-01-25,Organic Search
C05558,Home Office,Multan,2025-06-29,Paid Search
C05559,Consumer,Karachi,2023-01-22,Paid Search
C05560,Home Office,Rawalpindi,2024-04-02,Social Media
C05561,Consumer,Islamabad,2022-11-15,Organic Search
C05562,Small Business,Faisalabad,2023-04-23,Social Media
C05563,Home Office,Islamabad,2023-08-26,Organic Search
C05564,Consumer,Karachi,2025-11-05,Organic Search
C05565,Consumer,Karachi,2023-02-27,Paid Search
C05566,Consumer,Peshawar,2023-06-04,Affiliate
C05567,Consumer,,2025-01-16,Paid Search
C05568,Consumer,Multan,2023-08-04,Referral
C05569,Consumer,Karachi,2024-05-30,Affiliate
C05570,Consumer,Rawalpindi,2023-10-23,Organic Search
C05571,Home Office,Karachi,2024-04-14,Affiliate
C05572,Consumer,Rawalpindi,2024-08-11,Email
C05573,Consumer,Lahore,2023-07-07,Paid Search
C05574,Consumer,Lahore,2025-01-15,Organic Search
C05575,Small Business,Karachi,2025-05-06,Referral
C05576,Home Office,Lahore,2025-04-17,Referral
C05577,Consumer,Rawalpindi,2024-04-11,Organic Search
C05578,Small Business,Karachi,2022-11-04,Affiliate
C05579,Consumer,Gujranwala,2024-09-30,Paid Search
C05580,Consumer,Faisalabad,2023-07-26,Paid Search
C05581,Consumer,Rawalpindi,2025-02-03,Paid Search
C05582,Home Office,Islamabad,2025-12-09,Referral
C05583,Consumer,Faisalabad,2022-08-31,Social Media
C05584,Home Office,Rawalpindi,2025-07-20,Organic Search
C05585,Consumer,Faisalabad,2025-06-25,Organic Search
C05586,Consumer,Karachi,2023-12-23,Paid Search
C05587,Small Business,Faisalabad,2025-05-18,Organic Search
C05588,Small Business,Karachi,2025-04-24,Affiliate
C05589,Consumer,Multan,2022-11-16,Organic Search
C05590,Consumer,Islamabad,2022-09-02,Social Media
C05591,Home Office,Multan,2022-08-03,Affiliate
C05592,Home Office,Islamabad,2023-05-22,Email
C05593,Consumer,Rawalpindi,2024-12-23,Social Media
C05594,Consumer,Gujranwala,2022-10-26,Paid Search
C05595,Consumer,Lahore,2023-03-08,Paid Search
C05596,Consumer,Lahore,2024-07-30,Organic Search
C05597,Consumer,Islamabad,2024-09-13,Organic Search
C05598,Home Office,Karachi,2025-03-08,Referral
C05599,Consumer,Peshawar,2025-03-03,Affiliate
C05600,Consumer,Karachi,2022-07-21,Referral
C05601,Small Business,Gujranwala,2024-06-01,Social Media
C05602,Home Office,Lahore,2025-06-20,Social Media
C05603,Consumer,Karachi,2022-06-29,Organic Search
C05604,Small Business,Islamabad,2024-11-07,Affiliate
C05605,Consumer,Islamabad,2022-11-21,Organic Search
C05606,Consumer,Lahore,2025-11-08,Email
C05607,Consumer,Karachi,2023-11-20,Paid Search
C05608,Consumer,Faisalabad,2025-03-27,Paid Search
C05609,Consumer,Islamabad,2023-08-29,Social Media
C05610,Small Business,Rawalpindi,2024-06-01,Social Media
C05611,Consumer,Islamabad,2024-01-16,Paid Search
C05612,Consumer,Multan,2022-08-09,Organic Search
C05613,Consumer,Lahore,2022-07-05,Social Media
C05614,Consumer,Islamabad,2022-07-02,Organic Search
C05615,Consumer,Rawalpindi,2025-07-14,Organic Search
C05616,Consumer,Karachi,2024-12-07,Social Media
C05617,Consumer,Islamabad,2023-09-23,Organic Search
C05618,Consumer,Karachi,2023-02-21,Email
C05619,Home Office,Lahore,2022-07-25,Organic Search
C05620,Small Business,Islamabad,2025-11-22,Referral
C05621,Consumer,Faisalabad,2023-04-02,Referral
C05622,Consumer,Rawalpindi,2023-10-18,Paid Search
C05623,Consumer,Karachi,2023-11-30,Organic Search
C05624,Home Office,Lahore,2023-02-19,Referral
C05625,Small Business,Lahore,2025-03-06,Affiliate
C05626,Consumer,Faisalabad,2025-04-11,Affiliate
C05627,Consumer,Rawalpindi,2024-07-18,Affiliate
C05628,Small Business,Gujranwala,2025-10-30,Referral
C05629,Consumer,Lahore,2024-02-22,Paid Search
C05630,Small Business,Peshawar,2022-09-16,Email
C05631,Home Office,Lahore,2023-08-07,Email
C05632,Small Business,Faisalabad,2023-11-10,Organic Search
C05633,Small Business,Islamabad,2025-03-02,Email
C05634,Consumer,Gujranwala,2024-09-28,Paid Search
C05635,Consumer,Multan,2023-09-14,Affiliate
C05636,Consumer,Islamabad,2024-09-29,Social Media
C05637,Consumer,Lahore,2025-07-02,Paid Search
C05638,Home Office,Rawalpindi,2024-02-19,Email
C05639,Consumer,Faisalabad,2024-06-03,Email
C05640,Home Office,Peshawar,2024-10-24,Organic Search
C05641,Small Business,Islamabad,2022-09-15,Social Media
C05642,Consumer,Lahore,2023-07-12,Organic Search
C05643,Consumer,Karachi,2025-01-25,Social Media
C05644,Consumer,Karachi,2024-04-01,Organic Search
C05645,Home Office,Islamabad,2025-12-08,Referral
C05646,Consumer,Multan,2024-12-16,Referral
C05647,Consumer,Karachi,2023-07-01,Email
C05648,Consumer,Faisalabad,2024-03-24,Paid Search
C05649,Consumer,Gujranwala,2025-04-25,Email
C05650,Consumer,Karachi,2024-08-08,Organic Search
C05651,Home Office,Gujranwala,2022-12-23,Social Media
C05652,Consumer,,2025-03-11,Organic Search
C05653,Small Business,Multan,2024-04-03,Affiliate
C05654,Consumer,Rawalpindi,2022-06-24,Social Media
C05655,Consumer,Lahore,2023-03-05,Paid Search
C05656,Consumer,Faisalabad,2025-09-19,Email
C05657,Consumer,Karachi,2022-12-17,Referral
C05658,Consumer,Multan,2024-01-10,Affiliate
C05659,Consumer,Lahore,2022-10-24,Paid Search
C05660,Consumer,Peshawar,2022-09-06,Social Media
C05661,Consumer,Gujranwala,2023-07-01,Affiliate
C05662,Consumer,Karachi,2023-06-10,Organic Search
C05663,Consumer,Karachi,2025-09-01,Paid Search
C05664,Small Business,Lahore,2024-04-17,Social Media
C05665,Consumer,Karachi,2023-10-11,Email
C05666,Consumer,Gujranwala,2025-01-30,Organic Search
C05667,Consumer,Gujranwala,2024-05-18,Paid Search
C05668,Small Business,Lahore,2024-05-22,Paid Search
C05669,Consumer,Rawalpindi,2023-07-19,Social Media
C05670,Home Office,Gujranwala,2025-09-24,Paid Search
C05671,Consumer,Karachi,2023-06-06,Email
C05672,Consumer,Lahore,2023-09-26,Social Media
C05673,Consumer,Gujranwala,2024-11-27,Social Media
C05674,Small Business,Karachi,2024-07-14,Paid Search
C05675,Consumer,Multan,2025-07-27,Referral
C05676,Consumer,Multan,2023-07-06,Paid Search
C05677,Consumer,Rawalpindi,2022-08-03,Affiliate
C05678,Consumer,Karachi,2024-11-29,Organic Search
C05679,Consumer,Karachi,2025-03-08,Organic Search
C05680,Consumer,Islamabad,2024-11-13,Paid Search
C05681,Consumer,Islamabad,2025-08-30,Affiliate
C05682,Home Office,Islamabad,2025-07-01,Referral
C05683,Home Office,Lahore,2024-01-17,Email
C05684,Consumer,Gujranwala,2025-09-19,Paid Search
C05685,Home Office,Gujranwala,2022-10-25,Email
C05686,Consumer,Peshawar,2023-11-11,Email
C05687,Consumer,Karachi,2024-10-22,Organic Search
C05688,Consumer,Peshawar,2025-10-16,Organic Search
C05689,Consumer,Multan,2023-03-20,Paid Search
C05690,Home Office,Lahore,2025-02-15,Organic Search
C05691,Consumer,Multan,2023-09-08,Paid Search
C05692,Consumer,Faisalabad,2024-02-23,Organic Search
C05693,Consumer,Peshawar,2024-05-25,Organic Search
C05694,Consumer,Lahore,2024-07-20,Paid Search
C05695,Home Office,Multan,2024-11-27,Referral
C05696,Small Business,Faisalabad,2022-11-01,Social Media
C05697,Consumer,Faisalabad,2024-11-20,Affiliate
C05698,Consumer,Faisalabad,2024-05-02,Email
C05699,Home Office,Gujranwala,2024-04-17,Organic Search
C05700,Consumer,Lahore,2024-12-03,Paid Search
C05701,Consumer,Lahore,2023-10-18,Paid Search
C05702,Consumer,Multan,2025-12-15,Social Media
C05703,Consumer,Karachi,2023-08-20,Organic Search
C05704,Small Business,Lahore,2022-10-26,Paid Search
C05705,Small Business,Lahore,2023-07-26,Organic Search
C05706,Consumer,Lahore,2025-03-09,Social Media
C05707,Consumer,Karachi,2024-05-26,Email
C05708,Consumer,Lahore,2025-07-19,Social Media
C05709,Consumer,Lahore,2023-03-22,Referral
C05710,Consumer,Lahore,2022-10-23,Paid Search
C05711,Small Business,Gujranwala,2023-12-02,Referral
C05712,Home Office,Islamabad,2025-10-12,Referral
C05713,Consumer,Karachi,2025-01-14,Organic Search
C05714,Consumer,Lahore,2024-11-16,Paid Search
C05715,Consumer,Gujranwala,2023-03-31,Organic Search
C05716,Home Office,Multan,2023-01-08,Paid Search
C05717,Consumer,Multan,2023-11-30,Email
C05718,Consumer,Peshawar,2023-07-13,Organic Search
C05719,Consumer,Faisalabad,2024-07-24,Organic Search
C05720,Consumer,Lahore,2022-10-13,Referral
C05721,Consumer,Lahore,2023-07-31,Affiliate
C05722,Consumer,Multan,2025-10-16,Organic Search
C05723,Small Business,Lahore,2023-05-26,Organic Search
C05724,Consumer,Lahore,2022-07-25,Social Media
C05725,Consumer,Karachi,2023-02-12,Email
C05726,Consumer,Lahore,2024-07-03,Email
C05727,Consumer,Karachi,2025-06-12,Referral
C05728,Home Office,Gujranwala,2022-06-14,Organic Search
C05729,Small Business,Gujranwala,2023-09-10,Paid Search
C05730,Small Business,Lahore,2024-09-10,Referral
C05731,Small Business,Lahore,2024-04-20,Referral
C05732,Consumer,Rawalpindi,2023-03-29,Paid Search
C05733,Consumer,Rawalpindi,2025-03-07,Social Media
C05734,Consumer,Faisalabad,2025-05-09,Organic Search
C05735,Consumer,Peshawar,2023-01-24,Paid Search
C05736,Consumer,Karachi,2024-05-17,Referral
C05737,Consumer,Lahore,2022-12-28,Social Media
C05738,Consumer,Karachi,2022-07-09,Social Media
C05739,Consumer,Gujranwala,2023-04-19,Referral
C05740,Consumer,Rawalpindi,2022-11-21,Organic Search
C05741,Home Office,Gujranwala,2023-02-09,Social Media
C05742,Consumer,Rawalpindi,2025-02-18,Organic Search
C05743,Home Office,Multan,2023-04-26,Social Media
C05744,Consumer,Lahore,2023-09-13,Social Media
C05745,Small Business,Islamabad,2025-08-19,Social Media
C05746,Consumer,Lahore,2023-11-08,Paid Search
C05747,Home Office,Lahore,2024-11-12,Paid Search
C05748,Consumer,Lahore,2025-06-20,Organic Search
C05749,Consumer,Peshawar,2024-01-20,Social Media
C05750,Consumer,Faisalabad,2022-07-29,Paid Search
C05751,Small Business,Karachi,2022-09-17,Paid Search
C05752,Consumer,Karachi,2024-08-30,Paid Search
C05753,Consumer,Lahore,2023-08-22,Organic Search
C05754,Consumer,Faisalabad,2025-10-30,Organic Search
C05755,Small Business,Islamabad,2023-07-25,Referral
C05756,Consumer,,2025-12-05,Email
C05757,Consumer,Faisalabad,2023-07-02,Social Media
C05758,Home Office,Lahore,2025-01-03,Email
C05759,Consumer,Islamabad,2022-12-08,Organic Search
C05760,Consumer,Karachi,2025-08-30,Social Media
C05761,Home Office,Islamabad,2025-09-19,Paid Search
C05762,Consumer,Karachi,2025-07-19,Organic Search
C05763,Consumer,Lahore,2023-09-09,Organic Search
C05764,Home Office,Karachi,2022-08-14,Social Media
C05765,Consumer,Islamabad,2024-07-13,Email
C05766,Home Office,Lahore,2025-04-12,Email
C05767,Home Office,Karachi,2024-08-05,Social Media
C05768,Small Business,Karachi,2025-06-06,Affiliate
C05769,Consumer,Karachi,2022-12-22,Social Media
C05770,Consumer,Lahore,2023-06-18,Email
C05771,Consumer,Lahore,2025-12-01,Organic Search
C05772,Consumer,Islamabad,2024-04-21,Organic Search
C05773,Consumer,Lahore,2024-02-02,Social Media
C05774,Home Office,Gujranwala,2025-11-28,Affiliate
C05775,Consumer,Gujranwala,2023-04-21,Paid Search
C05776,Consumer,Rawalpindi,2023-10-25,Organic Search
C05777,Consumer,Karachi,2023-11-20,Paid Search
C05778,Small Business,Karachi,2025-12-12,Organic Search
C05779,Consumer,Multan,2023-09-07,Organic Search
C05780,Consumer,Peshawar,2024-01-07,Organic Search
C05781,Consumer,Lahore,2024-01-11,Paid Search
C05782,Home Office,Rawalpindi,2025-03-27,Paid Search
C05783,Home Office,Lahore,2023-06-13,Referral
C05784,Consumer,Gujranwala,2025-02-12,Organic Search
C05785,Home Office,Karachi,2022-11-16,Social Media
C05786,Consumer,Islamabad,2025-09-22,Organic Search
C05787,Home Office,Peshawar,2025-08-12,Affiliate
C05788,Consumer,Rawalpindi,2025-05-15,Affiliate
C05789,Home Office,Faisalabad,2024-06-23,Social Media
C05790,Home Office,Karachi,2025-04-09,Paid Search
C05791,Consumer,Multan,2023-10-24,Referral
C05792,Small Business,Lahore,2024-12-25,Organic Search
C05793,Home Office,Peshawar,2024-12-20,Organic Search
C05794,Small Business,Gujranwala,2023-05-04,Referral
C05795,Small Business,Rawalpindi,2024-03-23,Paid Search
C05796,Consumer,Lahore,2024-01-03,Referral
C05797,Home Office,Gujranwala,2024-02-15,Referral
C05798,Consumer,Rawalpindi,2025-05-25,Social Media
C05799,Home Office,Islamabad,2024-08-20,Affiliate
C05800,Consumer,Islamabad,2024-07-04,Social Media
C05801,Home Office,Multan,2024-04-07,Paid Search
C05802,Small Business,Lahore,2024-04-10,Referral
C05803,Small Business,Peshawar,2025-07-20,Organic Search
C05804,Small Business,Faisalabad,2022-12-07,Social Media
C05805,Consumer,Karachi,2025-08-27,Paid Search
C05806,Consumer,Karachi,2024-06-03,Referral
C05807,Consumer,Islamabad,2022-06-27,Email
C05808,Consumer,Islamabad,2024-03-10,Paid Search
C05809,Consumer,Multan,2024-04-16,Referral
C05810,Consumer,Faisalabad,2023-11-15,Organic Search
C05811,Consumer,Karachi,2025-11-25,Affiliate
C05812,Small Business,Karachi,2023-11-08,Organic Search
C05813,Consumer,Rawalpindi,2023-08-06,Social Media
C05814,Consumer,Karachi,2022-09-09,Paid Search
C05815,Consumer,Lahore,2023-09-23,Paid Search
C05816,Consumer,Peshawar,2025-10-05,Email
C05817,Consumer,Rawalpindi,2025-01-07,Email
C05818,Consumer,Multan,2025-02-10,Social Media
C05819,Consumer,Islamabad,2025-07-13,Affiliate
C05820,Consumer,Gujranwala,2025-07-24,Social Media
C05821,Small Business,Islamabad,2023-06-04,Social Media
C05822,Consumer,Rawalpindi,2022-10-20,social media
C05823,Home Office,Islamabad,2025-11-19,Paid Search
C05824,Consumer,Multan,2025-04-25,Social Media
C05825,Consumer,Islamabad,2024-06-09,Paid Search
C05826,Consumer,Gujranwala,2025-09-21,Paid Search
C05827,Home Office,Peshawar,2024-11-10,Paid Search
C05828,Home Office,Karachi,2024-08-21,Affiliate
C05829,Small Business,Lahore,2025-08-17,Paid Search
C05830,Consumer,Gujranwala,2022-08-07,Organic Search
C05831,Consumer,Multan,2024-12-16,Paid Search
C05832,Home Office,Lahore,2022-06-09,Paid Search
C05833,Home Office,Karachi,2024-08-24,Referral
C05834,Consumer,Karachi,2022-06-16,Email
C05835,Small Business,Lahore,2023-08-22,Referral
C05836,Consumer,Rawalpindi,2022-11-04,Social Media
C05837,Consumer,Lahore,2023-04-22,Paid Search
C05838,Consumer,Multan,2023-04-01,Referral
C05839,Consumer,Karachi,2025-06-27,Email
C05840,Consumer,Karachi,2024-06-17,Social Media
C05841,Consumer,Gujranwala,2024-06-08,Paid Search
C05842,Consumer,Rawalpindi,2024-01-06,Organic Search
C05843,Consumer,Lahore,2023-04-11,Social Media
C05844,Home Office,,2022-06-30,Organic Search
C05845,Consumer,Karachi,2025-09-25,Organic Search
C05846,Consumer,Lahore,2025-02-15,Organic Search
C05847,Small Business,Karachi,2022-11-28,Affiliate
C05848,Consumer,Lahore,2024-03-05,Email
C05849,Consumer,Lahore,2024-11-29,Affiliate
C05850,Consumer,Karachi,2024-09-04,Organic Search
C05851,Consumer,Multan,2024-01-04,Email
C05852,Consumer,Faisalabad,2023-11-11,Email
C05853,Small Business,Peshawar,2024-08-31,Paid Search
C05854,Consumer,Gujranwala,2025-07-21,Social Media
C05855,Home Office,Islamabad,2025-05-15,Email
C05856,Home Office,Rawalpindi,2022-10-07,Social Media
C05857,Consumer,Rawalpindi,2022-06-07,Paid Search
C05858,Home Office,Karachi,2023-04-12,Organic Search
C05859,Home Office,Islamabad,2024-08-23,Email
C05860,Consumer,Rawalpindi,2024-12-19,Referral
C05861,Consumer,Karachi,2023-07-18,Affiliate
C05862,Home Office,Karachi,2022-12-14,Referral
C05863,Consumer,Karachi,2023-11-02,Paid Search
C05864,Consumer,Karachi,2025-11-23,Paid Search
C05865,Home Office,Karachi,2023-10-28,Affiliate
C05866,Consumer,Peshawar,2023-09-12,Social Media
C05867,Consumer,Karachi,2024-05-10,Email
C05868,Home Office,Lahore,2024-08-14,Paid Search
C05869,Consumer,Lahore,2023-05-05,Email
C05870,Home Office,Peshawar,2024-01-07,Organic Search
C05871,Consumer,Gujranwala,2025-07-16,Referral
C05872,Consumer,Lahore,2025-12-08,Organic Search
C05873,Home Office,Multan,2023-11-03,Paid Search
C05874,Consumer,Gujranwala,2023-05-12,Affiliate
C05875,Consumer,Karachi,2025-11-13,Referral
C05876,Consumer,Islamabad,2025-06-06,Email
C05877,Consumer,Gujranwala,2025-06-15,Organic Search
C05878,Consumer,Karachi,2024-05-03,Affiliate
C05879,Consumer,Peshawar,2024-04-09,Email
C05880,Consumer,Lahore,2022-06-04,Referral
C05881,Small Business,Peshawar,2022-11-03,Organic Search
C05882,Consumer,Karachi,2025-02-18,Social Media
C05883,Consumer,Lahore,2023-07-05,Email
C05884,Consumer,Islamabad,2025-11-24,Paid Search
C05885,Consumer,Karachi,2025-01-27,Organic Search
C05886,Consumer,Lahore,2025-09-24,Social Media
C05887,Consumer,Lahore,2025-09-27,Affiliate
C05888,Consumer,Islamabad,2024-06-02,Paid Search
C05889,Consumer,Karachi,2024-12-06,Paid Search
C05890,Consumer,Karachi,2025-10-14,Social Media
C05891,Home Office,Lahore,2025-02-16,Organic Search
C05892,Consumer,Faisalabad,2023-12-28,Email
C05893,Small Business,Karachi,2023-01-18,Email
C05894,Consumer,Lahore,2024-02-17,Affiliate
C05895,Consumer,Rawalpindi,2024-05-19,Affiliate
C05896,Consumer,Islamabad,2025-06-17,Social Media
C05897,Small Business,Lahore,2022-07-25,Paid Search
C05898,Small Business,Faisalabad,2022-08-01,Affiliate
C05899,Consumer,Lahore,2023-08-03,Social Media
C05900,Consumer,Lahore,2025-01-06,Referral
C05901,Home Office,Rawalpindi,2025-09-27,Affiliate
C05902,Consumer,Islamabad,2022-12-11,Organic Search
C05903,Small Business,Lahore,2024-02-17,Organic Search
C05904,Consumer,Rawalpindi,2024-10-06,Affiliate
C05905,Small Business,Karachi,2025-08-31,Paid Search
C05906,Consumer,Karachi,2023-02-18,Organic Search
C05907,Consumer,Islamabad,2024-08-23,Paid Search
C05908,Home Office,Karachi,2023-09-02,Social Media
C05909,Home Office,Karachi,2025-12-10,Organic Search
C05910,Consumer,Gujranwala,2025-11-10,Email
C05911,Home Office,Lahore,2024-05-04,Affiliate
C05912,Consumer,Karachi,2023-03-22,Referral
C05913,Home Office,Multan,2022-07-15,Paid Search
C05914,Consumer,Multan,2023-02-13,Social Media
C05915,Small Business,Rawalpindi,2025-08-22,Paid Search
C05916,Consumer,Lahore,2023-08-03,Social Media
C05917,Consumer,Karachi,2024-05-05,Affiliate
C05918,Consumer,Lahore,2024-03-28,Social Media
C05919,Consumer,Lahore,2025-05-29,Organic Search
C05920,Home Office,Karachi,2023-01-10,Email
C05921,Home Office,Multan,2025-09-01,Email
C05922,Consumer,Gujranwala,2023-10-13,Organic Search
C05923,Home Office,Karachi,2023-11-28,Social Media
C05924,Consumer,Karachi,2023-07-29,Paid Search
C05925,Consumer,Islamabad,2023-01-21,Social Media
C05926,Small Business,Lahore,2023-09-14,Paid Search
C05927,Consumer,Multan,2024-10-27,Organic Search
C05928,Consumer,Gujranwala,2023-07-09,Paid Search
C05929,Home Office,Lahore,2023-05-28,Organic Search
C05930,Home Office,Lahore,2023-02-04,Email
C05931,Consumer,Faisalabad,2022-10-16,Social Media
C05932,Consumer,Karachi,2024-04-29,Paid Search
C05933,Consumer,Islamabad,2022-06-30,Referral
C05934,Consumer,Lahore,2025-02-05,Affiliate
C05935,Consumer,Gujranwala,2023-12-17,Social Media
C05936,Consumer,Karachi,2024-05-25,Social Media
C05937,Consumer,Faisalabad,2025-03-12,Paid Search
C05938,Consumer,Gujranwala,2024-10-02,Referral
C05939,Home Office,Lahore,2024-02-25,Email
C05940,Home Office,Lahore,2024-06-19,Affiliate
C05941,Consumer,Karachi,2023-06-06,Social Media
C05942,Consumer,Lahore,2023-02-02,Social Media
C05943,Consumer,Lahore,2025-08-20,Affiliate
C05944,Home Office,Karachi,2022-12-31,Organic Search
C05945,Consumer,Faisalabad,2024-06-27,Referral
C05946,Small Business,Islamabad,2022-12-09,Affiliate
C05947,Small Business,Karachi,2025-10-02,Social Media
C05948,Home Office,Lahore,2023-01-27,Social Media
C05949,Small Business,Peshawar,2022-12-17,Organic Search
C05950,Home Office,Karachi,2024-09-18,Social Media
C05951,Consumer,Lahore,2024-01-01,Social Media
C05952,Home Office,Peshawar,2024-06-01,Referral
C05953,Consumer,Rawalpindi,2022-12-27,Affiliate
C05954,Consumer,Faisalabad,2025-08-03,Paid Search
C05955,Consumer,Faisalabad,2022-08-30,Paid Search
C05956,Home Office,Faisalabad,2025-11-29,Paid Search
C05957,Consumer,Lahore,2024-09-08,Organic Search
C05958,Small Business,Lahore,2025-09-28,Referral
C05959,Consumer,Rawalpindi,2025-10-21,Paid Search
C05960,Consumer,Karachi,2023-01-05,Referral
C05961,Consumer,Peshawar,2022-07-31,Affiliate
C05962,Home Office,Karachi,2023-05-21,Social Media
C05963,Home Office,Rawalpindi,2025-07-31,Email
C05964,Consumer,Multan,2023-11-27,Affiliate
C05965,Consumer,Islamabad,2022-07-16,Email
C05966,Consumer,Islamabad,2023-05-12,Paid Search
C05967,Consumer,Rawalpindi,2024-12-03,Paid Search
C05968,Consumer,Karachi,2025-08-08,Social Media
C05969,Consumer,Multan,2025-02-27,Social Media
C05970,Consumer,Peshawar,2023-09-22,Social Media
C05971,Small Business,Karachi,2024-07-15,Affiliate
C05972,Consumer,Rawalpindi,2023-10-23,Organic Search
C05973,Home Office,Lahore,2023-08-07,Email
C05974,Consumer,Gujranwala,2025-09-17,Referral
C05975,Home Office,Karachi,2023-05-02,Social Media
C05976,Consumer,Lahore,2024-03-24,Paid Search
C05977,Consumer,Faisalabad,2023-04-30,Organic Search
C05978,Consumer,Lahore,2025-03-09,Organic Search
C05979,Consumer,Faisalabad,2023-11-03,Email
C05980,Small Business,Karachi,2025-01-31,Organic Search
C05981,Home Office,Faisalabad,2024-11-02,Affiliate
C05982,Small Business,Lahore,2025-07-03,Referral
C05983,Consumer,Lahore,2022-12-17,Organic Search
C05984,Home Office,Peshawar,2022-09-11,Social Media
C05985,Home Office,Multan,2022-10-25,Organic Search
C05986,Consumer,Karachi,2024-06-27,Organic Search
C05987,Consumer,Karachi,2022-11-02,Paid Search
C05988,Small Business,Lahore,2025-09-05,Organic Search
C05989,Home Office,Peshawar,2024-02-06,Paid Search
C05990,Consumer,Multan,2024-06-09,Paid Search
C05991,Consumer,Lahore,2025-11-25,Organic Search
C05992,Consumer,Multan,2025-03-08,Paid Search
C05993,Home Office,Gujranwala,2022-09-02,Paid Search
C05994,Small Business,Multan,2024-08-09,Organic Search
C05995,Consumer,Karachi,2024-01-28,Organic Search
C05996,Small Business,Lahore,2024-02-03,Referral
C05997,Consumer,Karachi,2024-11-23,Social Media
C05998,Consumer,Lahore,2024-10-29,Paid Search
C05999,Consumer,Gujranwala,2025-08-10,Affiliate
C06000,Home Office,Rawalpindi,2023-02-04,Email
C06001,Consumer,Multan,2025-05-10,Organic Search
C06002,Small Business,Gujranwala,2024-10-27,Paid Search
C06003,Small Business,Peshawar,2022-11-27,Affiliate
C06004,Consumer,Islamabad,2023-07-07,Paid Search
C06005,Consumer,Karachi,2024-12-25,Email
C06006,Home Office,Lahore,2024-10-31,Organic Search
C06007,Home Office,Rawalpindi,2023-08-05,Email
C06008,Home Office,Islamabad,2025-07-07,Affiliate
C06009,Consumer,Lahore,2025-03-08,Referral
C06010,Consumer,Peshawar,2022-08-13,Social Media
C06011,Consumer,Lahore,2023-08-26,Organic Search
C06012,Consumer,Peshawar,2022-10-19,Social Media
C06013,Consumer,Peshawar,2023-02-03,Paid Search
C06014,Small Business,Karachi,2025-10-25,Paid Search
C06015,Consumer,Peshawar,2025-05-30,Paid Search
C06016,Small Business,,2025-01-19,Paid Search
C06017,Consumer,Lahore,2024-05-06,Affiliate
C06018,Consumer,Multan,2022-10-31,Organic Search
C06019,Consumer,,2024-03-15,Social Media
C06020,Consumer,Rawalpindi,2024-01-29,Social Media
C06021,Consumer,Karachi,2025-10-30,Email
C06022,Consumer,Faisalabad,2023-03-17,Social Media
C06023,Small Business,Faisalabad,2024-10-11,Referral
C06024,Consumer,Peshawar,2025-06-23,Paid Search
C06025,Consumer,Faisalabad,2023-12-23,Organic Search
C06026,Consumer,Lahore,2023-01-24,Social Media
C06027,Consumer,Faisalabad,2024-12-01,Paid Search
C06028,Consumer,Rawalpindi,2023-03-19,Organic Search
C06029,Consumer,Rawalpindi,2023-08-02,Organic Search
C06030,Consumer,Lahore,2022-12-09,Social Media
C06031,Consumer,Rawalpindi,2023-10-18,Social Media
C06032,Consumer,Gujranwala,2025-09-18,Paid Search
C06033,Home Office,Karachi,2025-10-11,Social Media
C06034,Home Office,Karachi,2025-01-27,Referral
C06035,Home Office,Peshawar,2024-05-21,Organic Search
C06036,Consumer,Islamabad,2022-09-18,Email
C06037,Consumer,Karachi,2023-08-05,Affiliate
C06038,Consumer,Islamabad,2025-02-19,Paid Search
C06039,Home Office,Rawalpindi,2024-11-21,Email
C06040,Home Office,Lahore,2022-08-02,Social Media
C06041,Home Office,Multan,2023-03-27,Paid Search
C06042,Consumer,Karachi,2024-01-16,Organic Search
C06043,Consumer,Rawalpindi,2023-09-07,Organic Search
C06044,Consumer,Islamabad,2024-11-27,Paid Search
C06045,Consumer,Faisalabad,2022-12-15,Paid Search
C06046,Consumer,Peshawar,2024-06-20,Referral
C06047,Consumer,Lahore,2023-09-27,Paid Search
C06048,Home Office,Karachi,2023-02-04,Paid Search
C06049,Consumer,Peshawar,2023-06-18,Affiliate
C06050,Consumer,Lahore,2024-03-15,Affiliate
C06051,Consumer,Rawalpindi,2024-06-26,Referral
C06052,Home Office,Lahore,2023-10-30,Affiliate
C06053,Consumer,Lahore,2025-05-15,Email
C06054,Consumer,Multan,2023-06-13,Referral
C06055,Consumer,Islamabad,2025-01-12,Social Media
C06056,Small Business,Islamabad,2022-12-29,Referral
C06057,Consumer,Lahore,2025-07-17,Social Media
C06058,Consumer,Karachi,2024-10-28,Paid Search
C06059,Consumer,Lahore,2024-07-19,Organic Search
C06060,Small Business,Karachi,2025-06-08,Affiliate
C06061,Consumer,Rawalpindi,2022-06-04,Social Media
C06062,Consumer,Lahore,2025-10-20,Affiliate
C06063,Small Business,Multan,2022-10-19,Social Media
C06064,Consumer,Islamabad,2023-09-14,Referral
C06065,Small Business,Karachi,2023-11-24,Affiliate
C06066,Consumer,Gujranwala,2024-04-17,Referral
C06067,Small Business,Lahore,2024-12-20,Email
C06068,Consumer,Islamabad,2023-11-11,Paid Search
C06069,Consumer,Lahore,2025-10-04,Organic Search
C06070,Home Office,Rawalpindi,2022-07-03,Email
C06071,Consumer,Faisalabad,2024-03-27,Referral
C06072,Consumer,Lahore,2022-06-29,Paid Search
C06073,Consumer,Faisalabad,2025-07-13,Affiliate
C06074,Small Business,Multan,2023-04-25,Affiliate
C06075,Home Office,Rawalpindi,2022-08-08,Email
C06076,Small Business,Gujranwala,2025-09-18,Email
C06077,Home Office,Peshawar,2024-11-22,Email
C06078,Home Office,Gujranwala,2023-12-11,Referral
C06079,Small Business,Lahore,2022-12-28,Email
C06080,Consumer,Faisalabad,2025-05-06,Organic Search
C06081,Consumer,Islamabad,2022-11-09,Organic Search
C06082,Consumer,Multan,2025-03-22,Social Media
C06083,Consumer,Lahore,2022-08-22,Referral
C06084,Home Office,Karachi,2024-10-22,Affiliate
C06085,Small Business,Karachi,2022-06-30,Organic Search
C06086,Consumer,Rawalpindi,2022-10-17,Organic Search
C06087,Consumer,Karachi,2024-04-23,Paid Search
C06088,Consumer,Islamabad,2023-01-24,Paid Search
C06089,Consumer,Islamabad,2024-07-15,Organic Search
C06090,Consumer,Karachi,2023-07-03,Organic Search
C06091,Consumer,Lahore,2023-04-22,Referral
C06092,Small Business,Faisalabad,2022-08-25,Affiliate
C06093,Home Office,Multan,2022-10-23,Social Media
C06094,Small Business,Multan,2023-10-12,Organic Search
C06095,Small Business,Peshawar,2025-11-29,Referral
C06096,Home Office,Lahore,2022-11-12,Affiliate
C06097,Consumer,Rawalpindi,2025-05-24,Organic Search
C06098,Home Office,Gujranwala,2025-11-25,Paid Search
C06099,Consumer,Peshawar,2025-03-01,Organic Search
C06100,Consumer,Rawalpindi,2025-08-03,Social Media
C06101,Consumer,Karachi,2025-06-18,Referral
C06102,Consumer,Faisalabad,2025-08-15,Paid Search
C06103,Consumer,Rawalpindi,2025-08-23,Referral
C06104,Consumer,Gujranwala,2024-04-25,Organic Search
C06105,Consumer,Multan,2024-03-30,Paid Search
C06106,Home Office,Lahore,2025-09-26,Referral
C06107,Consumer,Gujranwala,2023-06-09,Organic Search
C06108,Consumer,Islamabad,2024-11-05,Referral
C06109,Consumer,Faisalabad,2024-07-12,Paid Search
C06110,Consumer,Peshawar,2025-09-01,Organic Search
C06111,Small Business,Lahore,2025-04-16,Paid Search
C06112,Consumer,Rawalpindi,2023-02-06,Referral
C06113,Home Office,Karachi,2025-03-17,Organic Search
C06114,Consumer,Lahore,2024-03-14,Paid Search
C06115,Consumer,Karachi,2023-02-24,Organic Search
C06116,Home Office,Multan,2025-02-10,Organic Search
C06117,Home Office,Karachi,2023-09-05,Social Media
C06118,Home Office,Lahore,2023-10-07,Organic Search
C06119,Home Office,Peshawar,2024-04-15,Organic Search
C06120,Consumer,Peshawar,2025-10-01,Organic Search
C06121,Consumer,Karachi,2023-02-20,Organic Search
C06122,Consumer,Karachi,2022-08-31,Paid Search
C06123,Consumer,Gujranwala,2025-05-08,Social Media
C06124,Home Office,Gujranwala,2024-12-17,Email
C06125,Consumer,Lahore,2022-06-11,Paid Search
C06126,Consumer,Rawalpindi,2023-10-15,Referral
C06127,Consumer,Karachi,2025-09-20,Paid Search
C06128,Home Office,Karachi,2025-12-13,Organic Search
C06129,Consumer,Karachi,2023-12-17,Email
C06130,Consumer,Karachi,2024-05-05,Paid Search
C06131,Consumer,Multan,2022-09-13,Organic Search
C06132,Consumer,Peshawar,2023-01-25,Organic Search
C06133,Consumer,Lahore,2025-07-13,Referral
C06134,Consumer,Karachi,2024-09-17,Paid Search
C06135,Consumer,Karachi,2024-05-09,Paid Search
C06136,Consumer,Karachi,2024-12-24,Organic Search
C06137,Consumer,Islamabad,2023-01-19,Organic Search
C06138,Consumer,Lahore,2024-08-24,Organic Search
C06139,Consumer,Faisalabad,2023-08-16,Organic Search
C06140,Home Office,Islamabad,2023-05-13,Organic Search
C06141,Consumer,Lahore,2023-12-25,Organic Search
C06142,Home Office,Rawalpindi,2025-09-17,Organic Search
C06143,Consumer,Lahore,2023-08-13,Organic Search
C06144,Consumer,Multan,2022-08-31,Affiliate
C06145,Home Office,Peshawar,2022-10-08,Affiliate
C06146,Consumer,Lahore,2024-06-24,Organic Search
C06147,Home Office,Faisalabad,2022-07-18,Affiliate
C06148,Home Office,Karachi,2022-06-28,Organic Search
C06149,Consumer,Rawalpindi,2022-08-11,Affiliate
C06150,Consumer,Gujranwala,2025-03-18,Referral
C06151,Home Office,Lahore,2024-03-06,Paid Search
C06152,Consumer,Faisalabad,2025-08-14,Social Media
C06153,Home Office,Faisalabad,2023-02-06,Social Media
C06154,Consumer,Karachi,2022-07-07,Organic Search
C06155,Consumer,Faisalabad,2025-06-09,Email
C06156,Consumer,Karachi,2024-02-16,Social Media
C06157,Consumer,Karachi,2023-07-05,Affiliate
C06158,Consumer,Rawalpindi,2024-12-13,Organic Search
C06159,Consumer,Rawalpindi,2023-11-17,Social Media
C06160,Home Office,,2023-07-13,Paid Search
C06161,Consumer,Gujranwala,2023-02-01,Paid Search
C06162,Consumer,Islamabad,2025-02-15,Paid Search
C06163,Consumer,Rawalpindi,2023-05-27,Email
C06164,Home Office,Karachi,2023-07-23,Referral
C06165,Consumer,Karachi,2024-09-30,Paid Search
C06166,Consumer,Faisalabad,2024-07-12,Organic Search
C06167,Consumer,Karachi,2025-07-20,Paid Search
C06168,Consumer,Karachi,2025-11-08,Organic Search
C06169,Consumer,Peshawar,2024-07-13,Paid Search
C06170,Consumer,Faisalabad,2025-06-28,Organic Search
C06171,Home Office,Rawalpindi,2023-07-13,Email
C06172,Consumer,Lahore,2023-04-24,Social Media
C06173,Consumer,Faisalabad,2023-11-17,Social Media
C06174,Home Office,Lahore,2024-07-02,Social Media
C06175,Home Office,Islamabad,2022-11-10,Email
C06176,Consumer,Lahore,2025-08-12,Organic Search
C06177,Home Office,Peshawar,2024-04-18,Affiliate
C06178,Small Business,Lahore,2022-06-27,Social Media
C06179,Home Office,Rawalpindi,2023-09-10,Social Media
C06180,Small Business,Lahore,2023-05-30,Paid Search
C06181,Home Office,Gujranwala,2025-05-12,Paid Search
C06182,Consumer,Lahore,2025-10-28,Organic Search
C06183,Consumer,Karachi,2025-11-06,Paid Search
C06184,Home Office,Islamabad,2024-12-15,Email
C06185,Consumer,Lahore,2024-07-05,Organic Search
C06186,Consumer,Lahore,2023-08-17,Social Media
C06187,Consumer,Peshawar,2023-01-27,Referral
C06188,Small Business,Gujranwala,2022-12-29,Organic Search
C06189,Small Business,Lahore,2022-11-01,Affiliate
C06190,Consumer,Lahore,2025-01-09,Referral
C06191,Consumer,Faisalabad,2023-10-11,Organic Search
C06192,Consumer,Lahore,2023-11-10,Paid Search
C06193,Consumer,Islamabad,2024-02-13,Paid Search
C06194,Consumer,Faisalabad,2022-11-26,Organic Search
C06195,Home Office,Lahore,2023-07-09,Organic Search
C06196,Home Office,Lahore,2022-06-13,Affiliate
C06197,Consumer,Faisalabad,2024-04-03,Organic Search
C06198,Home Office,Rawalpindi,2022-09-23,Paid Search
C06199,Consumer,Lahore,2022-11-18,Organic Search
C06200,Home Office,Karachi,2025-09-15,Organic Search
C06201,Consumer,Karachi,2025-10-12,Email
C06202,Consumer,Lahore,2024-11-20,Organic Search
C06203,Consumer,Faisalabad,2023-11-09,Referral
C06204,Home Office,Islamabad,2023-04-06,Affiliate
C06205,Small Business,Peshawar,2025-01-05,Social Media
C06206,Small Business,Peshawar,2025-04-10,Referral
C06207,Consumer,Lahore,2025-10-02,Social Media
C06208,Consumer,Karachi,2023-06-19,Referral
C06209,Consumer,Peshawar,2022-07-03,Referral
C06210,Home Office,Islamabad,2024-02-10,Social Media
C06211,Consumer,Lahore,2024-03-25,Social Media
C06212,Home Office,,2025-01-18,Social Media
C06213,Consumer,Islamabad,2022-10-17,Social Media
C06214,Home Office,Islamabad,2023-10-31,Paid Search
C06215,Small Business,Gujranwala,2025-03-26,Paid Search
C06216,Consumer,Multan,2024-11-26,Referral
C06217,Small Business,Rawalpindi,2025-03-21,Affiliate
C06218,Consumer,Karachi,2024-03-21,Affiliate
C06219,Consumer,Islamabad,2023-05-08,Email
C06220,Consumer,Faisalabad,2023-02-19,Organic Search
C06221,Consumer,Karachi,2023-02-24,Organic Search
C06222,Consumer,Rawalpindi,2023-07-30,Referral
C06223,Home Office,Karachi,2024-09-07,Paid Search
C06224,Consumer,Karachi,2024-10-13,Referral
C06225,Consumer,Faisalabad,2024-10-17,Social Media
C06226,Consumer,Karachi,2024-12-09,Paid Search
C06227,Consumer,Lahore,2025-09-19,Organic Search
C06228,Consumer,Lahore,2023-03-19,Paid Search
C06229,Home Office,Islamabad,2025-01-05,Affiliate
C06230,Consumer,Karachi,2024-12-28,Referral
C06231,Consumer,Karachi,2024-12-28,Affiliate
C06232,Small Business,Multan,2023-08-10,Paid Search
C06233,Home Office,Karachi,2023-12-17,Email
C06234,Consumer,Karachi,2024-10-27,Paid search 
C06235,Home Office,Peshawar,2023-12-03,Affiliate
C06236,Small Business,,2022-07-31,Organic Search
C06237,Consumer,Karachi,2023-12-09,Social Media
C06238,Home Office,Lahore,2023-06-09,Affiliate
C06239,Consumer,Karachi,2025-08-09,Organic Search
C06240,Home Office,Karachi,2025-02-13,Social Media
C06241,Small Business,Rawalpindi,2025-07-09,Affiliate
C06242,Consumer,Karachi,2023-03-19,Social Media
C06243,Consumer,Peshawar,2023-12-15,Paid search 
C06244,Home Office,Karachi,2024-05-10,Organic Search
C06245,Consumer,Karachi,2024-09-20,Organic Search
C06246,Small Business,Islamabad,2025-05-23,Referral
C06247,Home Office,Islamabad,2024-01-22,Referral
C06248,Consumer,Islamabad,2024-06-12,Paid Search
C06249,Home Office,Peshawar,2023-03-05,Organic Search
C06250,Consumer,Lahore,2025-06-14,Affiliate
C06251,Consumer,Lahore,2023-07-04,Organic Search
C06252,Consumer,Lahore,2024-08-14,Email
C06253,Consumer,Rawalpindi,2024-06-19,Organic Search
C06254,Consumer,Lahore,2024-07-30,Organic Search
C06255,Consumer,Gujranwala,2024-05-25,Referral
C06256,Consumer,Karachi,2023-12-26,Social Media
C06257,Consumer,Karachi,2024-12-02,Referral
C06258,Small Business,Karachi,2023-02-05,Email
C06259,Home Office,Faisalabad,2025-02-12,Affiliate
C06260,Consumer,Karachi,2023-09-16,Organic Search
C06261,Home Office,Lahore,2023-08-07,Organic Search
C06262,Consumer,Karachi,2022-06-17,Organic Search
C06263,Home Office,Peshawar,2022-11-15,Social Media
C06264,Consumer,Gujranwala,2022-06-04,Organic Search
C06265,Consumer,Lahore,2023-02-10,Paid Search
C06266,Consumer,Multan,2025-09-02,Referral
C06267,Consumer,Rawalpindi,2023-07-13,Affiliate
C06268,Home Office,Peshawar,2025-06-08,Paid Search
C06269,Consumer,Karachi,2024-07-07,Email
C06270,Consumer,Karachi,2025-08-07,Email
C06271,Consumer,Islamabad,2023-06-05,Referral
C06272,Small Business,Gujranwala,2025-02-20,Social Media
C06273,Consumer,Lahore,2024-06-26,Paid Search
C06274,Consumer,Lahore,2022-08-02,Social Media
C06275,Small Business,Lahore,2023-10-09,Organic Search
C06276,Consumer,Gujranwala,2025-11-24,Email
C06277,Consumer,Multan,2025-10-02,Affiliate
C06278,Consumer,Karachi,2022-06-07,Referral
C06279,Consumer,Gujranwala,2024-08-26,Email
C06280,Consumer,Gujranwala,2023-07-19,Organic Search
C06281,Home Office,Karachi,2022-10-27,Social Media
C06282,Small Business,Gujranwala,2024-12-29,Referral
C06283,Consumer,Karachi,2023-11-16,Paid Search
C06284,Consumer,Karachi,2024-04-01,Referral
C06285,Home Office,Gujranwala,2025-06-09,Referral
C06286,Consumer,Lahore,2022-07-06,Referral
C06287,Consumer,Lahore,2025-10-15,Email
C06288,Small Business,Multan,2025-08-23,Organic Search
C06289,Small Business,Karachi,2024-12-21,Organic Search
C06290,Consumer,Rawalpindi,2024-04-30,Referral
C06291,Home Office,Karachi,2022-10-07,Paid Search
C06292,Consumer,Karachi,2025-10-09,Affiliate
C06293,Consumer,Rawalpindi,2025-02-11,Email
C06294,Home Office,Islamabad,2024-11-03,Organic Search
C06295,Small Business,Lahore,2025-12-02,Social Media
C06296,Consumer,Faisalabad,2025-04-22,Organic Search
C06297,Consumer,Gujranwala,2022-11-29,Paid Search
C06298,Consumer,Peshawar,2024-03-10,Email
C06299,Small Business,Karachi,2022-06-23,Referral
C06300,Consumer,Multan,2024-05-19,Paid Search
C06301,Home Office,Karachi,2025-03-09,Affiliate
C06302,Consumer,Karachi,2022-08-16,Paid Search
C06303,Consumer,Gujranwala,2024-04-27,Paid Search
C06304,Home Office,Lahore,2023-03-13,Organic Search
C06305,Home Office,,2025-03-13,Paid Search
C06306,Consumer,Islamabad,2025-10-08,Referral
C06307,Consumer,Lahore,2024-03-17,Paid Search
C06308,Home Office,Islamabad,2024-12-28,Affiliate
C06309,Consumer,Lahore,2025-01-12,Social Media
C06310,Home Office,Gujranwala,2023-08-29,Paid Search
C06311,Small Business,Lahore,2024-04-19,Organic Search
C06312,Consumer,Lahore,2024-09-10,Paid Search
C06313,Consumer,Lahore,2023-10-22,Email
C06314,Consumer,Lahore,2024-07-13,Organic Search
C06315,Home Office,Islamabad,2022-10-30,Paid Search
C06316,Consumer,Gujranwala,2024-07-10,Referral
C06317,Consumer,Islamabad,2025-01-18,Paid Search
C06318,Home Office,Karachi,2024-11-07,Organic Search
C06319,Consumer,Multan,2023-06-01,Social Media
C06320,Consumer,Faisalabad,2023-06-10,Social Media
C06321,Home Office,Lahore,2024-09-29,Paid Search
C06322,Consumer,Karachi,2023-01-10,Organic Search
C06323,Consumer,Lahore,2025-07-10,Email
C06324,Consumer,Karachi,2022-08-09,Organic Search
C06325,Consumer,Rawalpindi,2024-02-25,Organic Search
C06326,Consumer,Karachi,2022-06-21,Organic Search
C06327,Consumer,Lahore,2025-03-15,Affiliate
C06328,Home Office,Multan,2022-12-29,Referral
C06329,Consumer,Faisalabad,2023-11-13,Affiliate
C06330,Home Office,Islamabad,2023-09-21,Affiliate
C06331,Consumer,Multan,2024-11-22,Paid Search
C06332,Consumer,Karachi,2022-07-21,Organic Search
C06333,Consumer,Rawalpindi,2024-10-18,Referral
C06334,Small Business,Karachi,2022-07-12,Social Media
C06335,Consumer,Islamabad,2023-08-16,Paid Search
C06336,Consumer,Karachi,2022-10-29,Affiliate
C06337,Consumer,Peshawar,2025-07-03,Organic Search
C06338,Consumer,Multan,2022-10-24,Organic Search
C06339,Consumer,Rawalpindi,2024-12-05,social media
C06340,Consumer,Islamabad,2025-11-21,Referral
C06341,Home Office,Multan,2025-08-29,Organic Search
C06342,Home Office,Karachi,2022-11-15,Organic Search
C06343,Consumer,Peshawar,2025-05-07,Referral
C06344,Consumer,Faisalabad,2025-04-07,Referral
C06345,Home Office,Karachi,2024-06-17,Paid Search
C06346,Consumer,Rawalpindi,2024-08-12,Affiliate
C06347,Consumer,Lahore,2023-11-27,Organic Search
C06348,Consumer,Rawalpindi,2024-08-30,Paid Search
C06349,Consumer,Peshawar,2024-07-31,Organic Search
C06350,Consumer,Karachi,2025-08-11,Social Media
C06351,Small Business,Multan,2024-12-16,Organic Search
C06352,Home Office,Faisalabad,2022-07-18,Organic Search
C06353,Home Office,Faisalabad,2025-12-08,Affiliate
C06354,Small Business,Rawalpindi,2024-08-26,Organic Search
C06355,Consumer,Karachi,2023-06-03,Affiliate
C06356,Small Business,Gujranwala,2025-09-18,Paid Search
C06357,Consumer,Gujranwala,2025-08-04,Referral
C06358,Home Office,Lahore,2025-11-19,Affiliate
C06359,Consumer,Peshawar,2024-04-10,Referral
C06360,Home Office,Karachi,2024-06-05,Organic Search
C06361,Consumer,Islamabad,2022-08-20,Email
C06362,Consumer,Gujranwala,2024-04-30,Referral
C06363,Consumer,Multan,2024-10-06,Affiliate
C06364,Home Office,Karachi,2023-10-03,Paid Search
C06365,Consumer,Lahore,2023-08-18,Organic Search
C06366,Home Office,Karachi,2025-08-27,Paid Search
C06367,Consumer,Karachi,2025-11-06,Social Media
C06368,Consumer,Karachi,2024-07-29,Social Media
C06369,Consumer,Gujranwala,2022-06-23,Referral
C06370,Consumer,Karachi,2023-05-27,Referral
C06371,Small Business,Islamabad,2024-01-25,Organic Search
C06372,Consumer,Karachi,2025-09-27,Organic Search
C06373,Small Business,Karachi,2024-10-30,Referral
C06374,Consumer,Karachi,2023-07-10,Organic Search
C06375,Home Office,Faisalabad,2024-01-19,Paid Search
C06376,Consumer,Karachi,2025-06-01,Email
C06377,Consumer,Multan,2025-09-18,Paid Search
C06378,Home Office,Islamabad,2025-07-15,Referral
C06379,Small Business,Karachi,2022-08-01,Email
C06380,Small Business,Gujranwala,2025-01-01,Affiliate
C06381,Home Office,Karachi,2022-07-11,Social Media
C06382,Small Business,Islamabad,2024-01-13,Organic Search
C06383,Home Office,Lahore,2023-06-18,Organic Search
C06384,Consumer,Faisalabad,2024-11-02,Paid Search
C06385,Consumer,Peshawar,2023-06-10,Paid Search
C06386,Consumer,Karachi,2023-11-02,Organic Search
C06387,Consumer,Lahore,2023-05-07,Social Media
C06388,Consumer,Faisalabad,2024-06-03,Organic Search
C06389,Small Business,Islamabad,2022-09-06,Social Media
C06390,Consumer,Lahore,2023-10-30,Affiliate
C06391,Consumer,Peshawar,2023-08-22,Paid Search
C06392,Consumer,Lahore,2023-09-16,Organic Search
C06393,Consumer,Rawalpindi,2023-06-08,Affiliate
C06394,Consumer,Islamabad,2024-02-29,Organic Search
C06395,Home Office,Faisalabad,2023-04-01,Paid Search
C06396,Small Business,Peshawar,2025-04-03,Social Media
C06397,Consumer,Peshawar,2024-01-19,Social Media
C06398,Consumer,Lahore,2022-10-24,Organic Search
C06399,Small Business,Karachi,2023-02-26,Paid search 
C06400,Consumer,Rawalpindi,2025-03-26,social media
C06401,Consumer,Lahore,2022-07-13,Referral
C06402,Home Office,Islamabad,2024-09-04,Email
C06403,Consumer,Gujranwala,2025-10-12,Paid Search
C06404,Consumer,Islamabad,2022-12-09,Organic Search
C06405,Consumer,Karachi,2025-02-09,Organic Search
C06406,Small Business,Islamabad,2024-08-13,Email
C06407,Consumer,Peshawar,2024-11-19,Paid Search
C06408,Consumer,Karachi,2025-03-29,Organic Search
C06409,Small Business,Peshawar,2022-06-15,Organic Search
C06410,Home Office,Faisalabad,2023-12-11,Organic Search
C06411,Consumer,Multan,2024-11-25,Organic Search
C06412,Consumer,Karachi,2024-04-13,Social Media
C06413,Home Office,Faisalabad,2023-04-04,Organic Search
C06414,Consumer,Karachi,2024-04-15,Organic Search
C06415,Consumer,Lahore,2024-11-25,Paid Search
C06416,Consumer,Rawalpindi,2023-11-23,Social Media
C06417,Consumer,Peshawar,2022-06-15,Affiliate
C06418,Consumer,Gujranwala,2022-12-25,Affiliate
C06419,Small Business,Lahore,2024-01-14,Referral
C06420,Consumer,Rawalpindi,2025-04-09,Referral
C06421,Small Business,Karachi,2024-09-11,Social Media
C06422,Consumer,Lahore,2022-10-31,Organic Search
C06423,Consumer,Islamabad,2022-09-19,Organic Search
C06424,Small Business,Rawalpindi,2024-09-09,Email
C06425,Consumer,Faisalabad,2022-08-18,Affiliate
C06426,Consumer,Islamabad,2025-07-23,Affiliate
C06427,Home Office,Multan,2024-10-30,Paid Search
C06428,Home Office,Rawalpindi,2023-02-03,Paid Search
C06429,Small Business,Rawalpindi,2023-09-25,Paid Search
C06430,Consumer,Karachi,2024-01-24,Social Media
C06431,Small Business,Karachi,2022-07-11,Social Media
C06432,Consumer,Gujranwala,2023-03-14,Paid Search
C06433,Consumer,Rawalpindi,2023-02-09,Affiliate
C06434,Consumer,Gujranwala,2023-12-31,Paid Search
C06435,Consumer,Karachi,2024-07-08,Organic Search
C06436,Consumer,Karachi,2022-07-18,Referral
C06437,Consumer,Islamabad,2022-09-21,Referral
C06438,Consumer,Faisalabad,2023-05-19,Social Media
C06439,Consumer,Islamabad,2022-09-20,Social Media
C06440,Consumer,Karachi,2024-03-21,Paid Search
C06441,Consumer,Gujranwala,2023-02-13,Referral
C06442,Home Office,Karachi,2024-01-02,Social Media
C06443,Consumer,Karachi,2023-12-05,Affiliate
C06444,Consumer,Faisalabad,2025-06-28,Affiliate
C06445,Consumer,Lahore,2025-08-18,Referral
C06446,Consumer,Karachi,2025-10-28,Affiliate
C06447,Consumer,Karachi,2025-12-07,Affiliate
C06448,Home Office,Peshawar,2024-09-03,Affiliate
C06449,Consumer,Karachi,2024-11-09,Referral
C06450,Consumer,Lahore,2022-10-04,Email
C06451,Consumer,Gujranwala,2023-09-14,Organic Search
C06452,Consumer,Gujranwala,2025-10-28,Organic Search
C06453,Consumer,Karachi,2024-08-16,Social Media
C06454,Consumer,Karachi,2024-12-27,Referral
C06455,Consumer,Rawalpindi,2025-12-11,Paid Search
C06456,Consumer,Rawalpindi,2023-07-15,Paid Search
C06457,Home Office,Rawalpindi,2022-08-05,Email
C06458,Consumer,Lahore,2025-10-06,Organic Search
C06459,Consumer,Rawalpindi,2025-03-04,Email
C06460,Small Business,Islamabad,2025-02-08,Affiliate
C06461,Consumer,Karachi,2024-08-24,Affiliate
C06462,Home Office,Multan,2023-03-02,Social Media
C06463,Consumer,Karachi,2023-03-26,Paid Search
C06464,Consumer,Peshawar,2025-11-28,Referral
C06465,Consumer,Rawalpindi,2022-08-31,Paid Search
C06466,Consumer,Lahore,2024-08-25,Email
C06467,Consumer,Lahore,2025-05-09,Organic Search
C06468,Small Business,Peshawar,2022-10-28,Organic Search
C06469,Consumer,Islamabad,2023-08-30,Email
C06470,Home Office,Rawalpindi,2023-09-19,Organic Search
C06471,Consumer,Multan,2023-07-08,Organic Search
C06472,Consumer,Lahore,2024-02-05,Organic Search
C06473,Consumer,Multan,2025-01-11,Organic Search
C06474,Consumer,Faisalabad,2023-10-28,Social Media
C06475,Consumer,Faisalabad,2024-06-01,Paid Search
C06476,Consumer,Multan,2024-05-10,Organic Search
C06477,Small Business,Peshawar,2022-10-17,Social Media
C06478,Consumer,Islamabad,2025-02-06,Social Media
C06479,Consumer,Rawalpindi,2023-05-12,Paid Search
C06480,Consumer,Karachi,2025-03-08,Paid Search
C06481,Consumer,Rawalpindi,2024-04-30,Affiliate
C06482,Consumer,Lahore,2024-01-07,Paid Search
C06483,Home Office,Peshawar,2024-10-03,Social Media
C06484,Consumer,Peshawar,2022-12-08,Paid Search
C06485,Consumer,Karachi,2022-10-29,Paid Search
C06486,Home Office,Karachi,2023-08-19,Paid Search
C06487,Consumer,Karachi,2022-09-11,Social Media
C06488,Consumer,Karachi,2025-08-20,Paid Search
C06489,Consumer,Karachi,2023-09-07,Paid Search
C06490,Home Office,,2024-05-01,Organic Search
C06491,Consumer,Lahore,2025-10-16,Affiliate
C06492,Consumer,,2024-05-31,Organic Search
C06493,Consumer,Rawalpindi,2023-08-10,Social Media
C06494,Consumer,Karachi,2024-02-24,Social Media
C06495,Consumer,Lahore,2025-07-30,Affiliate
C06496,Small Business,Karachi,2024-12-26,Social Media
C06497,Small Business,Karachi,2024-08-19,Organic Search
C06498,Consumer,Gujranwala,2025-09-21,Referral
C06499,Consumer,Faisalabad,2025-06-21,Social Media
C06500,Small Business,Karachi,2023-03-15,Social Media
C00287,Consumer,Gujranwala,2024-12-15,Email
C03159,Home Office,Lahore,2023-06-04,Paid Search
C02764,Consumer,Faisalabad,2024-11-29,Referral
C04707,Small Business,Gujranwala,2025-02-02,Paid Search
C02819,Consumer,Peshawar,2022-10-14,Affiliate
C03505,Home Office,Lahore,2025-11-14,Referral
C03353,Consumer,Lahore,2025-05-06,Email
C00488,Consumer,Lahore,2024-05-01,Organic Search
C02368,Consumer,Karachi,2023-02-26,Paid Search
C05527,Small Business,Lahore,2024-05-12,Paid Search
C01149,Consumer,Karachi,2024-01-29,Paid Search
C00252,Consumer,Rawalpindi,2022-07-13,Organic Search
C00552,Home Office,Lahore,2022-10-19,Social Media
C00717,Small Business,Faisalabad,2024-05-21,Organic Search
C04856,Consumer,Karachi,2023-04-14,Email
C02281,Consumer,Lahore,2024-09-04,Affiliate
C01920,Consumer,Islamabad,2024-07-12,Paid Search
C02064,Consumer,Karachi,2024-11-15,Referral
